<?xml version="1.0" encoding="UTF-8"?>

<ImplementationGuide xmlns="http://hl7.org/fhir">
  <id value="ans.fhir.fr.annuaire"/>
  <text>
    <status value="generated"/><div xmlns="http://www.w3.org/1999/xhtml"><p class="res-header-id"><b>Generated Narrative: ImplementationGuide ans.fhir.fr.annuaire</b></p><a name="ans.fhir.fr.annuaire"> </a><a name="hcans.fhir.fr.annuaire"> </a><a name="ans.fhir.fr.annuaire-fr-FR"> </a><h2>AnnuaireSante</h2><p>The official URL for this implementation guide is: </p><pre>https://interop.esante.gouv.fr/ig/fhir/annuaire/ImplementationGuide/ans.fhir.fr.annuaire</pre><div><p>Ressources de conformité basées sur le modèle d'exposition de l'Annuaire Santé.</p>
</div></div>
  </text>
  <url value="https://interop.esante.gouv.fr/ig/fhir/annuaire/ImplementationGuide/ans.fhir.fr.annuaire"/>
  <version value="1.1.0-snapshot-3"/>
  <name value="AnnuaireSante"/>
  <title value="Annuaire Santé"/>
  <status value="active"/>
  <date value="2024-09-12T13:29:53+00:00"/>
  <publisher value="Agence du Numérique en Santé (ANS) - 2-10 Rue d'Oradour-sur-Glane, 75015 Paris"/>
  <contact>
    <name value="Agence du Numérique en Santé (ANS) - 2-10 Rue d'Oradour-sur-Glane, 75015 Paris"/>
    <telecom>
      <system value="url"/>
      <value value="https://esante.gouv.fr"/>
    </telecom>
    <telecom>
      <system value="email"/>
      <value value="monserviceclient.annuaire@esante.gouv.fr"/>
    </telecom>
  </contact>
  <description value="Ressources de conformité basées sur le modèle d'exposition de l'Annuaire Santé."/>
  <jurisdiction>
    <coding>
      <system value="urn:iso:std:iso:3166"/>
      <code value="FR"/>
      <display value="FRANCE"/>
    </coding>
  </jurisdiction>
  <packageId value="ans.fhir.fr.annuaire"/>
  <license value="CC0-1.0"/>
  <fhirVersion value="4.0.1"/>
  <dependsOn id="hl7ext">
    <extension url="http://hl7.org/fhir/tools/StructureDefinition/implementationguide-dependency-comment">
      <valueMarkdown value="Automatically added as a dependency - all IGs depend on the HL7 Extension Pack"/>
    </extension>
    <uri value="http://hl7.org/fhir/extensions/ImplementationGuide/hl7.fhir.uv.extensions"/>
    <packageId value="hl7.fhir.uv.extensions.r4"/>
    <version value="5.1.0"/>
  </dependsOn>
  <dependsOn id="hl7_fhir_fr_core">
    <uri value="https://hl7.fr/ig/fhir/core/ImplementationGuide/hl7.fhir.fr.core"/>
    <packageId value="hl7.fhir.fr.core"/>
    <version value="2.1.0"/>
  </dependsOn>
  <dependsOn id="hl7_terminology_r4">
    <uri value="http://terminology.hl7.org/ImplementationGuide/hl7.terminology"/>
    <packageId value="hl7.terminology.r4"/>
    <version value="5.5.0"/>
  </dependsOn>
  <definition>
    <extension url="http://hl7.org/fhir/tools/StructureDefinition/ig-parameter">
      <extension url="code">
        <valueString value="copyrightyear"/>
      </extension>
      <extension url="value">
        <valueString value="2020+"/>
      </extension>
    </extension>
    <extension url="http://hl7.org/fhir/tools/StructureDefinition/ig-parameter">
      <extension url="code">
        <valueString value="releaselabel"/>
      </extension>
      <extension url="value">
        <valueString value="qa-preview"/>
      </extension>
    </extension>
    <extension url="http://hl7.org/fhir/tools/StructureDefinition/ig-parameter">
      <extension url="code">
        <valueString value="shownav"/>
      </extension>
      <extension url="value">
        <valueString value="true"/>
      </extension>
    </extension>
    <extension url="http://hl7.org/fhir/tools/StructureDefinition/ig-parameter">
      <extension url="code">
        <valueString value="logging"/>
      </extension>
      <extension url="value">
        <valueString value="tx"/>
      </extension>
    </extension>
    <extension url="http://hl7.org/fhir/tools/StructureDefinition/ig-parameter">
      <extension url="code">
        <valueString value="autoload-resources"/>
      </extension>
      <extension url="value">
        <valueString value="true"/>
      </extension>
    </extension>
    <extension url="http://hl7.org/fhir/tools/StructureDefinition/ig-parameter">
      <extension url="code">
        <valueString value="path-liquid"/>
      </extension>
      <extension url="value">
        <valueString value="template/liquid"/>
      </extension>
    </extension>
    <extension url="http://hl7.org/fhir/tools/StructureDefinition/ig-parameter">
      <extension url="code">
        <valueString value="path-liquid"/>
      </extension>
      <extension url="value">
        <valueString value="input/liquid"/>
      </extension>
    </extension>
    <extension url="http://hl7.org/fhir/tools/StructureDefinition/ig-parameter">
      <extension url="code">
        <valueString value="path-qa"/>
      </extension>
      <extension url="value">
        <valueString value="temp/qa"/>
      </extension>
    </extension>
    <extension url="http://hl7.org/fhir/tools/StructureDefinition/ig-parameter">
      <extension url="code">
        <valueString value="path-temp"/>
      </extension>
      <extension url="value">
        <valueString value="temp/pages"/>
      </extension>
    </extension>
    <extension url="http://hl7.org/fhir/tools/StructureDefinition/ig-parameter">
      <extension url="code">
        <valueString value="path-output"/>
      </extension>
      <extension url="value">
        <valueString value="output"/>
      </extension>
    </extension>
    <extension url="http://hl7.org/fhir/tools/StructureDefinition/ig-parameter">
      <extension url="code">
        <valueString value="path-suppressed-warnings"/>
      </extension>
      <extension url="value">
        <valueString value="input/ignoreWarnings.txt"/>
      </extension>
    </extension>
    <extension url="http://hl7.org/fhir/tools/StructureDefinition/ig-parameter">
      <extension url="code">
        <valueString value="path-history"/>
      </extension>
      <extension url="value">
        <valueString value="https://interop.esante.gouv.fr/ig/fhir/annuaire/history.html"/>
      </extension>
    </extension>
    <extension url="http://hl7.org/fhir/tools/StructureDefinition/ig-parameter">
      <extension url="code">
        <valueString value="template-html"/>
      </extension>
      <extension url="value">
        <valueString value="template-page.html"/>
      </extension>
    </extension>
    <extension url="http://hl7.org/fhir/tools/StructureDefinition/ig-parameter">
      <extension url="code">
        <valueString value="template-md"/>
      </extension>
      <extension url="value">
        <valueString value="template-page-md.html"/>
      </extension>
    </extension>
    <extension url="http://hl7.org/fhir/tools/StructureDefinition/ig-parameter">
      <extension url="code">
        <valueString value="apply-contact"/>
      </extension>
      <extension url="value">
        <valueString value="true"/>
      </extension>
    </extension>
    <extension url="http://hl7.org/fhir/tools/StructureDefinition/ig-parameter">
      <extension url="code">
        <valueString value="apply-context"/>
      </extension>
      <extension url="value">
        <valueString value="true"/>
      </extension>
    </extension>
    <extension url="http://hl7.org/fhir/tools/StructureDefinition/ig-parameter">
      <extension url="code">
        <valueString value="apply-copyright"/>
      </extension>
      <extension url="value">
        <valueString value="true"/>
      </extension>
    </extension>
    <extension url="http://hl7.org/fhir/tools/StructureDefinition/ig-parameter">
      <extension url="code">
        <valueString value="apply-jurisdiction"/>
      </extension>
      <extension url="value">
        <valueString value="true"/>
      </extension>
    </extension>
    <extension url="http://hl7.org/fhir/tools/StructureDefinition/ig-parameter">
      <extension url="code">
        <valueString value="apply-license"/>
      </extension>
      <extension url="value">
        <valueString value="true"/>
      </extension>
    </extension>
    <extension url="http://hl7.org/fhir/tools/StructureDefinition/ig-parameter">
      <extension url="code">
        <valueString value="apply-publisher"/>
      </extension>
      <extension url="value">
        <valueString value="true"/>
      </extension>
    </extension>
    <extension url="http://hl7.org/fhir/tools/StructureDefinition/ig-parameter">
      <extension url="code">
        <valueString value="apply-version"/>
      </extension>
      <extension url="value">
        <valueString value="true"/>
      </extension>
    </extension>
    <extension url="http://hl7.org/fhir/tools/StructureDefinition/ig-parameter">
      <extension url="code">
        <valueString value="apply-wg"/>
      </extension>
      <extension url="value">
        <valueString value="true"/>
      </extension>
    </extension>
    <extension url="http://hl7.org/fhir/tools/StructureDefinition/ig-parameter">
      <extension url="code">
        <valueString value="active-tables"/>
      </extension>
      <extension url="value">
        <valueString value="true"/>
      </extension>
    </extension>
    <extension url="http://hl7.org/fhir/tools/StructureDefinition/ig-parameter">
      <extension url="code">
        <valueString value="fmm-definition"/>
      </extension>
      <extension url="value">
        <valueString value="http://hl7.org/fhir/versions.html#maturity"/>
      </extension>
    </extension>
    <extension url="http://hl7.org/fhir/tools/StructureDefinition/ig-parameter">
      <extension url="code">
        <valueString value="propagate-status"/>
      </extension>
      <extension url="value">
        <valueString value="true"/>
      </extension>
    </extension>
    <extension url="http://hl7.org/fhir/tools/StructureDefinition/ig-parameter">
      <extension url="code">
        <valueString value="excludelogbinaryformat"/>
      </extension>
      <extension url="value">
        <valueString value="true"/>
      </extension>
    </extension>
    <extension url="http://hl7.org/fhir/tools/StructureDefinition/ig-parameter">
      <extension url="code">
        <valueString value="tabbed-snapshots"/>
      </extension>
      <extension url="value">
        <valueString value="true"/>
      </extension>
    </extension>
    <extension url="http://hl7.org/fhir/tools/StructureDefinition/ig-internal-dependency">
      <valueCode value="hl7.fhir.uv.tools#0.2.0"/>
    </extension>
    <extension url="http://hl7.org/fhir/tools/StructureDefinition/ig-parameter">
      <extension url="code">
        <valueCode value="copyrightyear"/>
      </extension>
      <extension url="value">
        <valueString value="2020+"/>
      </extension>
    </extension>
    <extension url="http://hl7.org/fhir/tools/StructureDefinition/ig-parameter">
      <extension url="code">
        <valueCode value="releaselabel"/>
      </extension>
      <extension url="value">
        <valueString value="qa-preview"/>
      </extension>
    </extension>
    <extension url="http://hl7.org/fhir/tools/StructureDefinition/ig-parameter">
      <extension url="code">
        <valueCode value="shownav"/>
      </extension>
      <extension url="value">
        <valueString value="true"/>
      </extension>
    </extension>
    <extension url="http://hl7.org/fhir/tools/StructureDefinition/ig-parameter">
      <extension url="code">
        <valueCode value="logging"/>
      </extension>
      <extension url="value">
        <valueString value="tx"/>
      </extension>
    </extension>
    <extension url="http://hl7.org/fhir/tools/StructureDefinition/ig-parameter">
      <extension url="code">
        <valueCode value="autoload-resources"/>
      </extension>
      <extension url="value">
        <valueString value="true"/>
      </extension>
    </extension>
    <extension url="http://hl7.org/fhir/tools/StructureDefinition/ig-parameter">
      <extension url="code">
        <valueCode value="path-liquid"/>
      </extension>
      <extension url="value">
        <valueString value="template/liquid"/>
      </extension>
    </extension>
    <extension url="http://hl7.org/fhir/tools/StructureDefinition/ig-parameter">
      <extension url="code">
        <valueCode value="path-liquid"/>
      </extension>
      <extension url="value">
        <valueString value="input/liquid"/>
      </extension>
    </extension>
    <extension url="http://hl7.org/fhir/tools/StructureDefinition/ig-parameter">
      <extension url="code">
        <valueCode value="path-qa"/>
      </extension>
      <extension url="value">
        <valueString value="temp/qa"/>
      </extension>
    </extension>
    <extension url="http://hl7.org/fhir/tools/StructureDefinition/ig-parameter">
      <extension url="code">
        <valueCode value="path-temp"/>
      </extension>
      <extension url="value">
        <valueString value="temp/pages"/>
      </extension>
    </extension>
    <extension url="http://hl7.org/fhir/tools/StructureDefinition/ig-parameter">
      <extension url="code">
        <valueCode value="path-output"/>
      </extension>
      <extension url="value">
        <valueString value="output"/>
      </extension>
    </extension>
    <extension url="http://hl7.org/fhir/tools/StructureDefinition/ig-parameter">
      <extension url="code">
        <valueCode value="path-suppressed-warnings"/>
      </extension>
      <extension url="value">
        <valueString value="input/ignoreWarnings.txt"/>
      </extension>
    </extension>
    <extension url="http://hl7.org/fhir/tools/StructureDefinition/ig-parameter">
      <extension url="code">
        <valueCode value="path-history"/>
      </extension>
      <extension url="value">
        <valueString value="https://interop.esante.gouv.fr/ig/fhir/annuaire/history.html"/>
      </extension>
    </extension>
    <extension url="http://hl7.org/fhir/tools/StructureDefinition/ig-parameter">
      <extension url="code">
        <valueCode value="template-html"/>
      </extension>
      <extension url="value">
        <valueString value="template-page.html"/>
      </extension>
    </extension>
    <extension url="http://hl7.org/fhir/tools/StructureDefinition/ig-parameter">
      <extension url="code">
        <valueCode value="template-md"/>
      </extension>
      <extension url="value">
        <valueString value="template-page-md.html"/>
      </extension>
    </extension>
    <extension url="http://hl7.org/fhir/tools/StructureDefinition/ig-parameter">
      <extension url="code">
        <valueCode value="apply-contact"/>
      </extension>
      <extension url="value">
        <valueString value="true"/>
      </extension>
    </extension>
    <extension url="http://hl7.org/fhir/tools/StructureDefinition/ig-parameter">
      <extension url="code">
        <valueCode value="apply-context"/>
      </extension>
      <extension url="value">
        <valueString value="true"/>
      </extension>
    </extension>
    <extension url="http://hl7.org/fhir/tools/StructureDefinition/ig-parameter">
      <extension url="code">
        <valueCode value="apply-copyright"/>
      </extension>
      <extension url="value">
        <valueString value="true"/>
      </extension>
    </extension>
    <extension url="http://hl7.org/fhir/tools/StructureDefinition/ig-parameter">
      <extension url="code">
        <valueCode value="apply-jurisdiction"/>
      </extension>
      <extension url="value">
        <valueString value="true"/>
      </extension>
    </extension>
    <extension url="http://hl7.org/fhir/tools/StructureDefinition/ig-parameter">
      <extension url="code">
        <valueCode value="apply-license"/>
      </extension>
      <extension url="value">
        <valueString value="true"/>
      </extension>
    </extension>
    <extension url="http://hl7.org/fhir/tools/StructureDefinition/ig-parameter">
      <extension url="code">
        <valueCode value="apply-publisher"/>
      </extension>
      <extension url="value">
        <valueString value="true"/>
      </extension>
    </extension>
    <extension url="http://hl7.org/fhir/tools/StructureDefinition/ig-parameter">
      <extension url="code">
        <valueCode value="apply-version"/>
      </extension>
      <extension url="value">
        <valueString value="true"/>
      </extension>
    </extension>
    <extension url="http://hl7.org/fhir/tools/StructureDefinition/ig-parameter">
      <extension url="code">
        <valueCode value="apply-wg"/>
      </extension>
      <extension url="value">
        <valueString value="true"/>
      </extension>
    </extension>
    <extension url="http://hl7.org/fhir/tools/StructureDefinition/ig-parameter">
      <extension url="code">
        <valueCode value="active-tables"/>
      </extension>
      <extension url="value">
        <valueString value="true"/>
      </extension>
    </extension>
    <extension url="http://hl7.org/fhir/tools/StructureDefinition/ig-parameter">
      <extension url="code">
        <valueCode value="fmm-definition"/>
      </extension>
      <extension url="value">
        <valueString value="http://hl7.org/fhir/versions.html#maturity"/>
      </extension>
    </extension>
    <extension url="http://hl7.org/fhir/tools/StructureDefinition/ig-parameter">
      <extension url="code">
        <valueCode value="propagate-status"/>
      </extension>
      <extension url="value">
        <valueString value="true"/>
      </extension>
    </extension>
    <extension url="http://hl7.org/fhir/tools/StructureDefinition/ig-parameter">
      <extension url="code">
        <valueCode value="excludelogbinaryformat"/>
      </extension>
      <extension url="value">
        <valueString value="true"/>
      </extension>
    </extension>
    <extension url="http://hl7.org/fhir/tools/StructureDefinition/ig-parameter">
      <extension url="code">
        <valueCode value="tabbed-snapshots"/>
      </extension>
      <extension url="value">
        <valueString value="true"/>
      </extension>
    </extension>
    <resource>
      <extension url="http://hl7.org/fhir/tools/StructureDefinition/resource-information">
        <valueString value="StructureDefinition:complex-type"/>
      </extension>
      <reference>
        <reference value="StructureDefinition/as-address-extended"/>
      </reference>
      <name value="AS Address Extended Datatype Profile"/>
      <description value="Datatype profile créé à partir de FrAddress dans le contexte de l'Annuaire Santé pour slicer  Address.line."/>
      <exampleBoolean value="false"/>
    </resource>
    <resource>
      <extension url="http://hl7.org/fhir/tools/StructureDefinition/resource-information">
        <valueString value="StructureDefinition:extension"/>
      </extension>
      <reference>
        <reference value="StructureDefinition/as-ext-authorization"/>
      </reference>
      <name value="AS Authorization Extension"/>
      <description value="Extension créée dans le cadre de l'Annuaire Santé pour décrire les autorisations des activités (HealthcareService) sanitaires, sociales, médico-sociales et d'enseignement et des équipements matériels (Device) lourds autorisés."/>
      <exampleBoolean value="false"/>
    </resource>
    <resource>
      <extension url="http://hl7.org/fhir/tools/StructureDefinition/resource-information">
        <valueString value="StructureDefinition:complex-type"/>
      </extension>
      <reference>
        <reference value="StructureDefinition/as-codeableconcept-timed"/>
      </reference>
      <name value="AS CodeableConceptTimed Datatype Profile"/>
      <description value="Datatype profile créé à partir CodeableConcept dans le cadre de l'Annuaire Santé pour ajouter une extension Period au type CodeableConcept."/>
      <exampleBoolean value="false"/>
    </resource>
    <resource>
      <extension url="http://hl7.org/fhir/tools/StructureDefinition/resource-information">
        <valueString value="StructureDefinition:extension"/>
      </extension>
      <reference>
        <reference value="StructureDefinition/as-ext-codeableconcept-timed-metadata"/>
      </reference>
      <name value="AS CodeableConceptTimed Metadata"/>
      <description value="Extension contenant les métadonnées du CodeableConceptTimed."/>
      <exampleBoolean value="false"/>
    </resource>
    <resource>
      <extension url="http://hl7.org/fhir/tools/StructureDefinition/resource-information">
        <valueString value="CodeSystem"/>
      </extension>
      <reference>
        <reference value="CodeSystem/as-cs-intern-id-systems"/>
      </reference>
      <name value="AS CodeSystem Internal Identifier Systems"/>
      <description value="CodeSystem contenant les identifiants locaux"/>
      <exampleBoolean value="false"/>
    </resource>
    <resource>
      <extension url="http://hl7.org/fhir/tools/StructureDefinition/resource-information">
        <valueString value="CodeSystem"/>
      </extension>
      <reference>
        <reference value="CodeSystem/as-cs-organization-types"/>
      </reference>
      <name value="AS CodeSystem OrganizationTypes"/>
      <description value="CodeSystem définissant les types d'organisation"/>
      <exampleBoolean value="false"/>
    </resource>
    <resource>
      <extension url="http://hl7.org/fhir/tools/StructureDefinition/resource-information">
        <valueString value="CodeSystem"/>
      </extension>
      <reference>
        <reference value="CodeSystem/as-cs-type-systeme-information"/>
      </reference>
      <name value="AS CodeSystem type de système d'information"/>
      <description value="CodeSystem définissant les types de systèmes d'information pouvant alimenter l'annuaire santé."/>
      <exampleBoolean value="false"/>
    </resource>
    <resource>
      <extension url="http://hl7.org/fhir/tools/StructureDefinition/resource-information">
        <valueString value="StructureDefinition:extension"/>
      </extension>
      <reference>
        <reference value="StructureDefinition/as-ext-data-trace"/>
      </reference>
      <name value="AS Data Trace Extension"/>
      <description value="Extension créée dans le cadre de l'Annuaire Santé pour tracer l'origine de la donnée (Autorité d'Enregistrement (AE) et Système d'Information (SI)). Des études complémentaires vont être initiées pour envisager l'usage de la ressource Provenance ou meta.source."/>
      <exampleBoolean value="false"/>
    </resource>
    <resource>
      <extension url="http://hl7.org/fhir/tools/StructureDefinition/resource-information">
        <valueString value="StructureDefinition:resource"/>
      </extension>
      <reference>
        <reference value="StructureDefinition/as-device"/>
      </reference>
      <name value="AS Device Profile"/>
      <description value="Profil générique créé à partir de Device dans le contexte de l'Annuaire Santé pour décrire les équipements matériels lourds ('EML') mis en oeuvre au sein d'un établissement."/>
      <exampleBoolean value="false"/>
    </resource>
    <resource>
      <extension url="http://hl7.org/fhir/tools/StructureDefinition/resource-information">
        <valueString value="StructureDefinition:extension"/>
      </extension>
      <reference>
        <reference value="StructureDefinition/as-ext-digital-certificate"/>
      </reference>
      <name value="AS Digital Certificate Extension"/>
      <description value="Extension créée dans le cadre de l'Annuaire Santé pour décrire les certificats utilisés par les professionnels et les structures comme moyen d'identification."/>
      <exampleBoolean value="false"/>
    </resource>
    <resource>
      <extension url="http://hl7.org/fhir/tools/StructureDefinition/resource-information">
        <valueString value="StructureDefinition:resource"/>
      </extension>
      <reference>
        <reference value="StructureDefinition/as-dp-device"/>
      </reference>
      <name value="AS Donnée Publique Device Profile"/>
      <description value="Profil public applicatif créé à partir du profil générique as-device dans le contexte des données en libre accès de l’Annuaire Santé. Pour connaître les paramètres de recherches associés à ce profil, il suffit de consulter le CapabilityStatement AsServerCapabilityStatement."/>
      <exampleBoolean value="false"/>
    </resource>
    <resource>
      <extension url="http://hl7.org/fhir/tools/StructureDefinition/resource-information">
        <valueString value="StructureDefinition:resource"/>
      </extension>
      <reference>
        <reference value="StructureDefinition/as-dp-healthcareservice-healthcare-activity"/>
      </reference>
      <name value="AS Donnée Publique HealthcareService Healthcare Activity Profile"/>
      <description value="Profil public applicatif créé à partir du profil générique as-healthcareservice-healthcare-activity dans le contexte des données en accès libre de l'Annuaire Santé. Pour connaître les paramètres de recherches associés à ce profil, il suffit de consulter le CapabilityStatement AsServerCapabilityStatement."/>
      <exampleBoolean value="false"/>
    </resource>
    <resource>
      <extension url="http://hl7.org/fhir/tools/StructureDefinition/resource-information">
        <valueString value="StructureDefinition:resource"/>
      </extension>
      <reference>
        <reference value="StructureDefinition/as-dp-healthcareservice-social-equipment"/>
      </reference>
      <name value="AS Donnée Publique HealthcareService Social Equipment Profile"/>
      <description value="Profil public applicatif créé à partir du profil générique as-healthcareservice-social-equipment dans le contexte des données en accès libre de l'Annuaire Santé. Pour connaître les paramètres de recherches associés à ce profil, il suffit de consulter le CapabilityStatement AsServerCapabilityStatement."/>
      <exampleBoolean value="false"/>
    </resource>
    <resource>
      <extension url="http://hl7.org/fhir/tools/StructureDefinition/resource-information">
        <valueString value="StructureDefinition:resource"/>
      </extension>
      <reference>
        <reference value="StructureDefinition/as-dp-organization"/>
      </reference>
      <name value="AS Donnée Publique Organization Profile"/>
      <description value="Profil public applicatif créé à partir du profil générique as-organization  dans le contexte des données en libre accès de l’Annuaire Santé. Pour connaître les paramètres de recherches associés à ce profil, il suffit de consulter le CapabilityStatement AsServerCapabilityStatement."/>
      <exampleBoolean value="false"/>
    </resource>
    <resource>
      <extension url="http://hl7.org/fhir/tools/StructureDefinition/resource-information">
        <valueString value="StructureDefinition:resource"/>
      </extension>
      <reference>
        <reference value="StructureDefinition/as-dp-practitioner"/>
      </reference>
      <name value="AS Donnée Publique Practitioner Profile"/>
      <description value="Profil public applicatif créé à partir du profil générique as-practitioner dans le contexte des données en libre accès de l’Annuaire Santé. Pour connaître les paramètres de recherches associés à ce profil, il suffit de consulter le CapabilityStatement AsServerCapabilityStatement."/>
      <exampleBoolean value="false"/>
    </resource>
    <resource>
      <extension url="http://hl7.org/fhir/tools/StructureDefinition/resource-information">
        <valueString value="StructureDefinition:resource"/>
      </extension>
      <reference>
        <reference value="StructureDefinition/as-dp-practitionerrole"/>
      </reference>
      <name value="AS Donnée Publique PractitionerRole Profile"/>
      <description value="Profil public applicatif créé à partir du profil générique as-practitionerrole dans le contexte des données en libre accès de l’Annuaire Santé. Pour connaître les paramètres de recherches associés à ce profil, il suffit de consulter le CapabilityStatement AsServerCapabilityStatement."/>
      <exampleBoolean value="false"/>
    </resource>
    <resource>
      <extension url="http://hl7.org/fhir/tools/StructureDefinition/resource-information">
        <valueString value="StructureDefinition:resource"/>
      </extension>
      <reference>
        <reference value="StructureDefinition/as-dr-device"/>
      </reference>
      <name value="AS Donnée Restreinte Device Profile"/>
      <description value="Profil restreint applicatif créé à partir du profil générique as-device dans le contexte des données en accès restreint de l’Annuaire Santé."/>
      <exampleBoolean value="false"/>
    </resource>
    <resource>
      <extension url="http://hl7.org/fhir/tools/StructureDefinition/resource-information">
        <valueString value="StructureDefinition:resource"/>
      </extension>
      <reference>
        <reference value="StructureDefinition/as-dr-healthcareservice-healthcare-activity"/>
      </reference>
      <name value="AS Donnée Restreinte HealthcareService Healthcare Activity Profile"/>
      <description value="Profil restreint applicatif créé à partir du profil générique as-healthcareservice-healthcare-activity dans le contexte des données en accès restreint de l'Annuaire Santé."/>
      <exampleBoolean value="false"/>
    </resource>
    <resource>
      <extension url="http://hl7.org/fhir/tools/StructureDefinition/resource-information">
        <valueString value="StructureDefinition:resource"/>
      </extension>
      <reference>
        <reference value="StructureDefinition/as-dr-healthcareservice-social-equipment"/>
      </reference>
      <name value="AS Donnée Restreinte HealthcareService Social Equipment Profile"/>
      <description value="Profil restreint applicatif créé à partir du profil générique as-healthcareservice-social-equipment dans le contexte des données en accès restreint de l'Annuaire Santé."/>
      <exampleBoolean value="false"/>
    </resource>
    <resource>
      <extension url="http://hl7.org/fhir/tools/StructureDefinition/resource-information">
        <valueString value="StructureDefinition:resource"/>
      </extension>
      <reference>
        <reference value="StructureDefinition/as-dr-organization"/>
      </reference>
      <name value="AS Donnée Restreinte Organization Profile"/>
      <description value="Profil restreint créé à partir de as-organization  dans le contexte des données en accès restreint de l’Annuaire Santé."/>
      <exampleBoolean value="false"/>
    </resource>
    <resource>
      <extension url="http://hl7.org/fhir/tools/StructureDefinition/resource-information">
        <valueString value="StructureDefinition:resource"/>
      </extension>
      <reference>
        <reference value="StructureDefinition/as-dr-person"/>
      </reference>
      <name value="AS Donnée Restreinte Person Profile"/>
      <description value="Profil restreint créé à partir de as-person dans le contexte des données en accès restreint de l’Annuaire Santé."/>
      <exampleBoolean value="false"/>
    </resource>
    <resource>
      <extension url="http://hl7.org/fhir/tools/StructureDefinition/resource-information">
        <valueString value="StructureDefinition:resource"/>
      </extension>
      <reference>
        <reference value="StructureDefinition/as-dr-practitioner"/>
      </reference>
      <name value="AS Donnée Restreinte Practitioner Profile"/>
      <description value="Profil restreint créé à partir de as-practitioner dans le contexte des données en accès restreint de l’Annuaire Santé."/>
      <exampleBoolean value="false"/>
    </resource>
    <resource>
      <extension url="http://hl7.org/fhir/tools/StructureDefinition/resource-information">
        <valueString value="StructureDefinition:resource"/>
      </extension>
      <reference>
        <reference value="StructureDefinition/as-dr-practitionerrole"/>
      </reference>
      <name value="AS Donnée Restreinte PractitionerRole Profile"/>
      <description value="Profil restreint créé à partir de as-practitionerrole dans le contexte des données en accès restreint de l’Annuaire Santé."/>
      <exampleBoolean value="false"/>
    </resource>
    <resource>
      <extension url="http://hl7.org/fhir/tools/StructureDefinition/resource-information">
        <valueString value="StructureDefinition:extension"/>
      </extension>
      <reference>
        <reference value="StructureDefinition/as-ext-education-level"/>
      </reference>
      <name value="AS Education Level Extension"/>
      <description value="Extension créée dans le cadre de l'Annuaire Santé pour décrire le niveau de formation acquis d'un étudiant."/>
      <exampleBoolean value="false"/>
    </resource>
    <resource>
      <extension url="http://hl7.org/fhir/tools/StructureDefinition/resource-information">
        <valueString value="StructureDefinition:resource"/>
      </extension>
      <reference>
        <reference value="StructureDefinition/as-healthcareservice-healthcare-activity"/>
      </reference>
      <name value="AS HealthcareService HealthCare Activity Profile"/>
      <description value="Profil générique créé à partir de HealthcareService dans le contexte de l'Annuaire Santé pour décrire les activités sanitaires rattachées à un établissement FINESS."/>
      <exampleBoolean value="false"/>
    </resource>
    <resource>
      <extension url="http://hl7.org/fhir/tools/StructureDefinition/resource-information">
        <valueString value="StructureDefinition:resource"/>
      </extension>
      <reference>
        <reference value="StructureDefinition/as-healthcareservice-social-equipment"/>
      </reference>
      <name value="AS HealthcareService Social Equipment Profile"/>
      <description value="Profil générique créé à partir de HealthcareService dans le contexte de l'Annuaire Santé pour décrire les équipements sociaux représentant les activités des établissements du domaine social et médico-social enregistrés dans FINESS."/>
      <exampleBoolean value="false"/>
    </resource>
    <resource>
      <extension url="http://hl7.org/fhir/tools/StructureDefinition/resource-information">
        <valueString value="StructureDefinition:extension"/>
      </extension>
      <reference>
        <reference value="StructureDefinition/as-ext-installation"/>
      </reference>
      <name value="AS Installation Extension"/>
      <description value="Extension créée dans le cadre de l'Annuaire Santé pour décrire les dates d'installation des activités (HealthcareService) sanitaires, sociales, médico-sociales et d'enseignement et des équipements matériels (Device) lourds autorisés."/>
      <exampleBoolean value="false"/>
    </resource>
    <resource>
      <extension url="http://hl7.org/fhir/tools/StructureDefinition/resource-information">
        <valueString value="StructureDefinition:extension"/>
      </extension>
      <reference>
        <reference value="StructureDefinition/as-ext-lieu-dit"/>
      </reference>
      <name value="AS Lieu Dit Extension"/>
      <description value="Extension créée dans le cadre de l'Annuaire Santé pour indiquer le lieu dit"/>
      <exampleBoolean value="false"/>
    </resource>
    <resource>
      <extension url="http://hl7.org/fhir/tools/StructureDefinition/resource-information">
        <valueString value="StructureDefinition:resource"/>
      </extension>
      <reference>
        <reference value="StructureDefinition/as-location"/>
      </reference>
      <name value="AS Location Profile"/>
      <description value="Profil générique créé à partir de Location dans le contexte de l'Annuaire Santé pour prise en compte de l'adresse du professionnel au niveau du profil AsPractitionerRoleProfile."/>
      <exampleBoolean value="false"/>
    </resource>
    <resource>
      <extension url="http://hl7.org/fhir/tools/StructureDefinition/resource-information">
        <valueString value="StructureDefinition:extension"/>
      </extension>
      <reference>
        <reference value="StructureDefinition/as-ext-mailbox-mss-metadata"/>
      </reference>
      <name value="AS Mailbox Metadata"/>
      <description value="Extension contenant les métadonnées de la mailbox mss."/>
      <exampleBoolean value="false"/>
    </resource>
    <resource>
      <extension url="http://hl7.org/fhir/tools/StructureDefinition/resource-information">
        <valueString value="StructureDefinition:complex-type"/>
      </extension>
      <reference>
        <reference value="StructureDefinition/as-mailbox-mss"/>
      </reference>
      <name value="AS Mailbox MSS Datatype Profile"/>
      <description value="Datatype profile créé à partir ContactPoint dans le cadre de l'Annuaire Santé pour décrire les boîtes aux lettres du service de messagerie sécurisée de santé (MSSanté) rattachées aux professionnels et aux structures."/>
      <exampleBoolean value="false"/>
    </resource>
    <resource>
      <extension url="http://hl7.org/fhir/tools/StructureDefinition/resource-information">
        <valueString value="StructureDefinition:extension"/>
      </extension>
      <reference>
        <reference value="StructureDefinition/as-ext-organization-authorization-deadline"/>
      </reference>
      <name value="AS Organization Authorization Deadline Extension"/>
      <description value="Extension créée dans le cadre de l'Annuaire Santé pour prise en compte de la caducité de l'autorisation sanitaire."/>
      <exampleBoolean value="false"/>
    </resource>
    <resource>
      <extension url="http://hl7.org/fhir/tools/StructureDefinition/resource-information">
        <valueString value="StructureDefinition:extension"/>
      </extension>
      <reference>
        <reference value="StructureDefinition/as-ext-organization-budget-type"/>
      </reference>
      <name value="AS Organization Budget Type Extension"/>
      <description value="Extension créée dans le cadre de l'Annuaire Santé pour prise en compte de la nature du budget alloué à la structure."/>
      <exampleBoolean value="false"/>
    </resource>
    <resource>
      <extension url="http://hl7.org/fhir/tools/StructureDefinition/resource-information">
        <valueString value="StructureDefinition:extension"/>
      </extension>
      <reference>
        <reference value="StructureDefinition/as-ext-organization-closing-type"/>
      </reference>
      <name value="AS Organization Closing Type Extension"/>
      <description value="Extension créée dans le cadre de l'Annuaire Santé pour prise en compte du type de fermeture de la structure."/>
      <exampleBoolean value="false"/>
    </resource>
    <resource>
      <extension url="http://hl7.org/fhir/tools/StructureDefinition/resource-information">
        <valueString value="StructureDefinition:extension"/>
      </extension>
      <reference>
        <reference value="StructureDefinition/as-ext-organization-pharmacy-licence"/>
      </reference>
      <name value="AS Organization Pharmacy Licence Extension"/>
      <description value="Extension créée dans le cadre de l'Annuaire Santé pour prise en compte de la licence d’exploitation d’une officine."/>
      <exampleBoolean value="false"/>
    </resource>
    <resource>
      <extension url="http://hl7.org/fhir/tools/StructureDefinition/resource-information">
        <valueString value="StructureDefinition:extension"/>
      </extension>
      <reference>
        <reference value="StructureDefinition/as-ext-organization-pricing-model"/>
      </reference>
      <name value="AS Organization Pricing Model Extension"/>
      <description value="Extension créée dans le cadre de l'Annuaire Santé pour prise en compte du mode de tarification de la structure."/>
      <exampleBoolean value="false"/>
    </resource>
    <resource>
      <extension url="http://hl7.org/fhir/tools/StructureDefinition/resource-information">
        <valueString value="StructureDefinition:resource"/>
      </extension>
      <reference>
        <reference value="StructureDefinition/as-organization"/>
      </reference>
      <name value="AS Organization Profile"/>
      <description value="Profil générique créé à partir de FrOrganization dans le contexte de l'Annuaire Santé pour décrire les organismes du domaine sanitaire, médico-social et social immatriculés dans le fichier national des établissements sanitaires et sociaux (FINESS) ou dans le Système Informatique pour le Répertoire des Entreprises et de leurs Établissements (SIRENE) dédié aux entreprises, associations et organismes du secteur public."/>
      <exampleBoolean value="false"/>
    </resource>
    <resource>
      <extension url="http://hl7.org/fhir/tools/StructureDefinition/resource-information">
        <valueString value="StructureDefinition:extension"/>
      </extension>
      <reference>
        <reference value="StructureDefinition/as-ext-organization-types"/>
      </reference>
      <name value="AS Organization Types"/>
      <description value="Extension pour discriminer les organization types."/>
      <exampleBoolean value="false"/>
    </resource>
    <resource>
      <extension url="http://hl7.org/fhir/tools/StructureDefinition/resource-information">
        <valueString value="StructureDefinition:extension"/>
      </extension>
      <reference>
        <reference value="StructureDefinition/as-ext-patient-type"/>
      </reference>
      <name value="AS Patient Type Extension"/>
      <description value="Extension créée dans le cadre de l'Annuaire Santé pour décrire un ensemble de personnes qui répondent à des critères leur permettant de  bénéficier de la discipline décrite."/>
      <exampleBoolean value="false"/>
    </resource>
    <resource>
      <extension url="http://hl7.org/fhir/tools/StructureDefinition/resource-information">
        <valueString value="StructureDefinition:extension"/>
      </extension>
      <reference>
        <reference value="StructureDefinition/as-ext-person-birth-place"/>
      </reference>
      <name value="AS Person Birth Place Extension"/>
      <description value="Extension créée dans le cadre de l'Annuaire Santé pour prise en compte du lieu de naissance du professionnel en tant que personne physique."/>
      <exampleBoolean value="false"/>
    </resource>
    <resource>
      <extension url="http://hl7.org/fhir/tools/StructureDefinition/resource-information">
        <valueString value="StructureDefinition:extension"/>
      </extension>
      <reference>
        <reference value="StructureDefinition/as-ext-person-deceased-date-time"/>
      </reference>
      <name value="AS Person Deceased Date Time Extension"/>
      <description value="Extension créée dans le cadre de l'Annuaire Santé pour prise en compte de la date de décès du professionnel (Date of death of the Person if applicable)."/>
      <exampleBoolean value="false"/>
    </resource>
    <resource>
      <extension url="http://hl7.org/fhir/tools/StructureDefinition/resource-information">
        <valueString value="StructureDefinition:extension"/>
      </extension>
      <reference>
        <reference value="StructureDefinition/as-ext-person-nationality"/>
      </reference>
      <name value="AS Person Nationality Extension"/>
      <description value="Extension créée dans le cadre de l'Annuaire Santé pour prise en compte de la nationalité du professionel (Person)."/>
      <exampleBoolean value="false"/>
    </resource>
    <resource>
      <extension url="http://hl7.org/fhir/tools/StructureDefinition/resource-information">
        <valueString value="StructureDefinition:resource"/>
      </extension>
      <reference>
        <reference value="StructureDefinition/as-person"/>
      </reference>
      <name value="AS Person Profile"/>
      <description value="Profil générique créé à partir de Person dans le contexte de l'Annuaire Santé pour décrire les différents concepts utilisés pour définir et caractériser un professionnel en tant que personne physique (données restreintes)."/>
      <exampleBoolean value="false"/>
    </resource>
    <resource>
      <extension url="http://hl7.org/fhir/tools/StructureDefinition/resource-information">
        <valueString value="StructureDefinition:extension"/>
      </extension>
      <reference>
        <reference value="StructureDefinition/as-ext-practitioner-authorization"/>
      </reference>
      <name value="AS Practitioner Authorization Extension"/>
      <description value="Extension créée dans le cadre de l'Annuaire Santé pour prise en compte de l'autorisation d'exercice du professionnel (AutorisationExercice)."/>
      <exampleBoolean value="false"/>
    </resource>
    <resource>
      <extension url="http://hl7.org/fhir/tools/StructureDefinition/resource-information">
        <valueString value="StructureDefinition:resource"/>
      </extension>
      <reference>
        <reference value="StructureDefinition/as-practitioner"/>
      </reference>
      <name value="AS Practitioner Profile"/>
      <description value="Profil générique créé à partir de FrPractitioner dans le contexte de l'Annuaire Santé pour décrire les données d'identification pérennes d’une personne physique, qui travaille en tant que professionnel (professionnel enregistré dans RPPS ou ADELI), personnel autorisé ou personnel d’établissement, dans les domaines sanitaire, médico-social et social."/>
      <exampleBoolean value="false"/>
    </resource>
    <resource>
      <extension url="http://hl7.org/fhir/tools/StructureDefinition/resource-information">
        <valueString value="StructureDefinition:extension"/>
      </extension>
      <reference>
        <reference value="StructureDefinition/as-ext-practitionerrole-contracted"/>
      </reference>
      <name value="AS PractitionerRole Contracted"/>
      <description value="Extension créée dans le cadre de l'Annuaire Santé pour décrire le secteur de conventionnement du professionnel libéral auquel il a adhéré auprès de l'Assurance Maladie."/>
      <exampleBoolean value="false"/>
    </resource>
    <resource>
      <extension url="http://hl7.org/fhir/tools/StructureDefinition/resource-information">
        <valueString value="StructureDefinition:extension"/>
      </extension>
      <reference>
        <reference value="StructureDefinition/as-ext-practitionerrole-hascas"/>
      </reference>
      <name value="AS PractitionerRole Has CAS"/>
      <description value="Extension créée dans le cadre de l'Annuaire Santé pour décrire le contrat d'accès aux soins (CAS), remplacée récemment par l'option pratique tarifaire maîtrisée (OPTAM)."/>
      <exampleBoolean value="false"/>
    </resource>
    <resource>
      <extension url="http://hl7.org/fhir/tools/StructureDefinition/resource-information">
        <valueString value="StructureDefinition:resource"/>
      </extension>
      <reference>
        <reference value="StructureDefinition/as-practitionerrole"/>
      </reference>
      <name value="AS PractitionerRole Profile"/>
      <description value="Profil générique créé à partir de FrPractitionerRoleExercice dans le contexte de l'Annuaire Santé pour décrire la situation d'exercice du professionnel."/>
      <exampleBoolean value="false"/>
    </resource>
    <resource>
      <extension url="http://hl7.org/fhir/tools/StructureDefinition/resource-information">
        <valueString value="StructureDefinition:extension"/>
      </extension>
      <reference>
        <reference value="StructureDefinition/as-ext-practitionerrole-vitale-accepted"/>
      </reference>
      <name value="AS PractitionerRole Vitale Accepted"/>
      <description value="Extension créée dans le cadre de l'Annuaire Santé pour décrire l’indicateur Carte Vitale acceptée (oui/non)."/>
      <exampleBoolean value="false"/>
    </resource>
    <resource>
      <extension url="http://hl7.org/fhir/tools/StructureDefinition/resource-information">
        <valueString value="StructureDefinition:extension"/>
      </extension>
      <reference>
        <reference value="StructureDefinition/as-ext-registration"/>
      </reference>
      <name value="AS Registration Extension"/>
      <description value="Extension créée dans le cadre de l'Annuaire Santé pour prise en compte de la première inscription si &quot;isFirst = true&quot;. Ces données sont uniquement accessibles en accès restreint."/>
      <exampleBoolean value="false"/>
    </resource>
    <resource>
      <extension url="http://hl7.org/fhir/tools/StructureDefinition/resource-information">
        <valueString value="StructureDefinition:extension"/>
      </extension>
      <reference>
        <reference value="StructureDefinition/as-ext-smartcard"/>
      </reference>
      <name value="AS Smart Card Extension"/>
      <description value="Extension créée dans le cadre de l'Annuaire Santé pour décrire les informations de la carte CPx utilisée comme moyen d’identification des personnes physiques."/>
      <exampleBoolean value="false"/>
    </resource>
    <resource>
      <extension url="http://hl7.org/fhir/tools/StructureDefinition/resource-information">
        <valueString value="StructureDefinition:extension"/>
      </extension>
      <reference>
        <reference value="StructureDefinition/as-ext-supported-capacity"/>
      </reference>
      <name value="AS Supported Capacity Extension"/>
      <description value="Extension créée dans le cadre de l'Annuaire Santé pour indiquer le nombre de personnes pouvant être accueillies en même temps et les capacités d'hébergement."/>
      <exampleBoolean value="false"/>
    </resource>
    <resource>
      <extension url="http://hl7.org/fhir/tools/StructureDefinition/resource-information">
        <valueString value="ValueSet"/>
      </extension>
      <reference>
        <reference value="ValueSet/as-vs-intern-id-systems"/>
      </reference>
      <name value="AS ValueSet Internal Identifier Systems"/>
      <description value="ValueSet contenant les identifiants internes"/>
      <exampleBoolean value="false"/>
    </resource>
    <resource>
      <extension url="http://hl7.org/fhir/tools/StructureDefinition/resource-information">
        <valueString value="ValueSet"/>
      </extension>
      <reference>
        <reference value="ValueSet/as-vs-organization-types"/>
      </reference>
      <name value="AS ValueSet OrganizationTypes"/>
      <description value="ValueSet définissant les types d'organisation"/>
      <exampleBoolean value="false"/>
    </resource>
    <resource>
      <extension url="http://hl7.org/fhir/tools/StructureDefinition/resource-information">
        <valueString value="ValueSet"/>
      </extension>
      <reference>
        <reference value="ValueSet/as-vs-type-systeme-information"/>
      </reference>
      <name value="AS ValueSet type de système d'information"/>
      <description value="ValueSet définissant les types de systèmes d'information pouvant alimenter l'annuaire santé."/>
      <exampleBoolean value="false"/>
    </resource>
    <resource>
      <extension url="http://hl7.org/fhir/tools/StructureDefinition/resource-information">
        <valueString value="SearchParameter"/>
      </extension>
      <reference>
        <reference value="SearchParameter/as-sp-data-information-system"/>
      </reference>
      <name value="as-sp-data-information-system"/>
      <description value="Paramètre de recherche pour récupérer une ressource par système d'information de provenance des données."/>
      <exampleBoolean value="false"/>
    </resource>
    <resource>
      <extension url="http://hl7.org/fhir/tools/StructureDefinition/resource-information">
        <valueString value="SearchParameter"/>
      </extension>
      <reference>
        <reference value="SearchParameter/as-sp-data-registration-authority"/>
      </reference>
      <name value="as-sp-data-registration-authority"/>
      <description value="Paramètre de recherche pour récupérer une ressource par autorité d'enregistrement des données."/>
      <exampleBoolean value="false"/>
    </resource>
    <resource>
      <extension url="http://hl7.org/fhir/tools/StructureDefinition/resource-information">
        <valueString value="SearchParameter"/>
      </extension>
      <reference>
        <reference value="SearchParameter/as-sp-insee-code"/>
      </reference>
      <name value="as-sp-insee-code"/>
      <description value="Paramètre de recherche pour récupérer une organisation, par code Insee. Cf http://www.sirius-upvm.net/doc/usuels/codes_postaux.html"/>
      <exampleBoolean value="false"/>
    </resource>
    <resource>
      <extension url="http://hl7.org/fhir/tools/StructureDefinition/resource-information">
        <valueString value="SearchParameter"/>
      </extension>
      <reference>
        <reference value="SearchParameter/as-sp-mailbox-mss"/>
      </reference>
      <name value="as-sp-mailbox-mss"/>
      <description value="Paramètre de recherche pour récupérer une organisation, un praticien ou une situation d'exercice par adresse MSSanté."/>
      <exampleBoolean value="false"/>
    </resource>
    <resource>
      <extension url="http://hl7.org/fhir/tools/StructureDefinition/resource-information">
        <valueString value="SearchParameter"/>
      </extension>
      <reference>
        <reference value="SearchParameter/as-sp-number-smartcard"/>
      </reference>
      <name value="as-sp-number-smartcard"/>
      <description value="Paramètre de recherche pour récupérer les situations d'exercice d'un professionnel par son numéro de carte CPx."/>
      <exampleBoolean value="false"/>
    </resource>
    <resource>
      <extension url="http://hl7.org/fhir/tools/StructureDefinition/resource-information">
        <valueString value="SearchParameter"/>
      </extension>
      <reference>
        <reference value="SearchParameter/as-sp-pharmacy-licence"/>
      </reference>
      <name value="as-sp-pharmacy-licence"/>
      <description value="Paramètre de recherche pour récupérer une pharmacie par son numéro de licence."/>
      <exampleBoolean value="false"/>
    </resource>
    <resource>
      <extension url="http://hl7.org/fhir/tools/StructureDefinition/resource-information">
        <valueString value="SearchParameter"/>
      </extension>
      <reference>
        <reference value="SearchParameter/as-sp-qualification-code"/>
      </reference>
      <name value="as-sp-qualification-code"/>
      <description value="Paramètre de recherche pour rechercher par code de qualification."/>
      <exampleBoolean value="false"/>
    </resource>
    <resource>
      <extension url="http://hl7.org/fhir/tools/StructureDefinition/resource-information">
        <valueString value="SearchParameter"/>
      </extension>
      <reference>
        <reference value="SearchParameter/as-sp-type-smartcard"/>
      </reference>
      <name value="as-sp-type-smartcard"/>
      <description value="Paramètre de recherche pour récupérer les situations d'exercice d'un professionnel par type de carte CPx."/>
      <exampleBoolean value="false"/>
    </resource>
    <resource>
      <extension url="http://hl7.org/fhir/tools/StructureDefinition/resource-information">
        <valueString value="CapabilityStatement"/>
      </extension>
      <reference>
        <reference value="CapabilityStatement/AsServerCapabilityStatement"/>
      </reference>
      <name value="AsServerCapabilityStatement"/>
      <exampleBoolean value="false"/>
    </resource>
    <resource>
      <extension url="http://hl7.org/fhir/tools/StructureDefinition/resource-information">
        <valueString value="Organization"/>
      </extension>
      <reference>
        <reference value="Organization/example-organization-fictive"/>
      </reference>
      <name value="example-organization-fictive"/>
      <exampleCanonical value="https://interop.esante.gouv.fr/ig/fhir/annuaire/StructureDefinition/as-organization"/>
    </resource>
    <resource>
      <extension url="http://hl7.org/fhir/tools/StructureDefinition/resource-information">
        <valueString value="Organization"/>
      </extension>
      <reference>
        <reference value="Organization/example-organization-nancy"/>
      </reference>
      <name value="example-organization-nancy"/>
      <exampleCanonical value="https://interop.esante.gouv.fr/ig/fhir/annuaire/StructureDefinition/as-organization"/>
    </resource>
    <resource>
      <extension url="http://hl7.org/fhir/tools/StructureDefinition/resource-information">
        <valueString value="Organization"/>
      </extension>
      <reference>
        <reference value="Organization/481677DP"/>
      </reference>
      <name value="pp16dp-organization"/>
      <exampleCanonical value="https://interop.esante.gouv.fr/ig/fhir/annuaire/StructureDefinition/as-dp-organization"/>
    </resource>
    <resource>
      <extension url="http://hl7.org/fhir/tools/StructureDefinition/resource-information">
        <valueString value="Practitioner"/>
      </extension>
      <reference>
        <reference value="Practitioner/3719500DP"/>
      </reference>
      <name value="pp16dp-practitioner"/>
      <exampleCanonical value="https://interop.esante.gouv.fr/ig/fhir/annuaire/StructureDefinition/as-dp-practitioner"/>
    </resource>
    <resource>
      <extension url="http://hl7.org/fhir/tools/StructureDefinition/resource-information">
        <valueString value="PractitionerRole"/>
      </extension>
      <reference>
        <reference value="PractitionerRole/5015602DP"/>
      </reference>
      <name value="pp16dp-practitioner-role"/>
      <exampleCanonical value="https://interop.esante.gouv.fr/ig/fhir/annuaire/StructureDefinition/as-dp-practitionerrole"/>
    </resource>
    <resource>
      <extension url="http://hl7.org/fhir/tools/StructureDefinition/resource-information">
        <valueString value="Organization"/>
      </extension>
      <reference>
        <reference value="Organization/481677"/>
      </reference>
      <name value="pp16dr-organization"/>
      <exampleCanonical value="https://interop.esante.gouv.fr/ig/fhir/annuaire/StructureDefinition/as-dr-organization"/>
    </resource>
    <resource>
      <extension url="http://hl7.org/fhir/tools/StructureDefinition/resource-information">
        <valueString value="Person"/>
      </extension>
      <reference>
        <reference value="Person/pp16dr-person"/>
      </reference>
      <name value="pp16dr-person"/>
      <exampleCanonical value="https://interop.esante.gouv.fr/ig/fhir/annuaire/StructureDefinition/as-dr-person"/>
    </resource>
    <resource>
      <extension url="http://hl7.org/fhir/tools/StructureDefinition/resource-information">
        <valueString value="Practitioner"/>
      </extension>
      <reference>
        <reference value="Practitioner/3719500"/>
      </reference>
      <name value="pp16dr-practitioner"/>
      <exampleCanonical value="https://interop.esante.gouv.fr/ig/fhir/annuaire/StructureDefinition/as-dr-practitioner"/>
    </resource>
    <resource>
      <extension url="http://hl7.org/fhir/tools/StructureDefinition/resource-information">
        <valueString value="PractitionerRole"/>
      </extension>
      <reference>
        <reference value="PractitionerRole/5015602"/>
      </reference>
      <name value="pp16dr-practitioner-role"/>
      <exampleCanonical value="https://interop.esante.gouv.fr/ig/fhir/annuaire/StructureDefinition/as-dr-practitionerrole"/>
    </resource>
    <resource>
      <extension url="http://hl7.org/fhir/tools/StructureDefinition/resource-information">
        <valueString value="Organization"/>
      </extension>
      <reference>
        <reference value="Organization/158480DP"/>
      </reference>
      <name value="pp19dp-organization-eg-cab"/>
      <exampleCanonical value="https://interop.esante.gouv.fr/ig/fhir/annuaire/StructureDefinition/as-dp-organization"/>
    </resource>
    <resource>
      <extension url="http://hl7.org/fhir/tools/StructureDefinition/resource-information">
        <valueString value="Organization"/>
      </extension>
      <reference>
        <reference value="Organization/548812DP"/>
      </reference>
      <name value="pp19dp-organization-ej-cab"/>
      <exampleCanonical value="https://interop.esante.gouv.fr/ig/fhir/annuaire/StructureDefinition/as-dp-organization"/>
    </resource>
    <resource>
      <extension url="http://hl7.org/fhir/tools/StructureDefinition/resource-information">
        <valueString value="Practitioner"/>
      </extension>
      <reference>
        <reference value="Practitioner/334081DP"/>
      </reference>
      <name value="pp19dp-practitioner"/>
      <exampleCanonical value="https://interop.esante.gouv.fr/ig/fhir/annuaire/StructureDefinition/as-dp-practitioner"/>
    </resource>
    <resource>
      <extension url="http://hl7.org/fhir/tools/StructureDefinition/resource-information">
        <valueString value="PractitionerRole"/>
      </extension>
      <reference>
        <reference value="PractitionerRole/1738459DP"/>
      </reference>
      <name value="pp19dp-practitioner-role-lib"/>
      <exampleCanonical value="https://interop.esante.gouv.fr/ig/fhir/annuaire/StructureDefinition/as-dp-practitionerrole"/>
    </resource>
    <resource>
      <extension url="http://hl7.org/fhir/tools/StructureDefinition/resource-information">
        <valueString value="PractitionerRole"/>
      </extension>
      <reference>
        <reference value="PractitionerRole/1578230DP"/>
      </reference>
      <name value="pp19dp-practitioner-role-sal"/>
      <exampleCanonical value="https://interop.esante.gouv.fr/ig/fhir/annuaire/StructureDefinition/as-dp-practitionerrole"/>
    </resource>
    <resource>
      <extension url="http://hl7.org/fhir/tools/StructureDefinition/resource-information">
        <valueString value="Organization"/>
      </extension>
      <reference>
        <reference value="Organization/158480"/>
      </reference>
      <name value="pp19dr-organization-eg-cab"/>
      <exampleCanonical value="https://interop.esante.gouv.fr/ig/fhir/annuaire/StructureDefinition/as-dr-organization"/>
    </resource>
    <resource>
      <extension url="http://hl7.org/fhir/tools/StructureDefinition/resource-information">
        <valueString value="Organization"/>
      </extension>
      <reference>
        <reference value="Organization/548812"/>
      </reference>
      <name value="pp19dr-organization-ej-cab"/>
      <exampleCanonical value="https://interop.esante.gouv.fr/ig/fhir/annuaire/StructureDefinition/as-dr-organization"/>
    </resource>
    <resource>
      <extension url="http://hl7.org/fhir/tools/StructureDefinition/resource-information">
        <valueString value="Person"/>
      </extension>
      <reference>
        <reference value="Person/pp19dr-person"/>
      </reference>
      <name value="pp19dr-person"/>
      <exampleCanonical value="https://interop.esante.gouv.fr/ig/fhir/annuaire/StructureDefinition/as-dr-person"/>
    </resource>
    <resource>
      <extension url="http://hl7.org/fhir/tools/StructureDefinition/resource-information">
        <valueString value="Practitioner"/>
      </extension>
      <reference>
        <reference value="Practitioner/334081"/>
      </reference>
      <name value="pp19dr-practitioner"/>
      <exampleCanonical value="https://interop.esante.gouv.fr/ig/fhir/annuaire/StructureDefinition/as-dr-practitioner"/>
    </resource>
    <resource>
      <extension url="http://hl7.org/fhir/tools/StructureDefinition/resource-information">
        <valueString value="PractitionerRole"/>
      </extension>
      <reference>
        <reference value="PractitionerRole/1738459"/>
      </reference>
      <name value="pp19dr-practitioner-role-lib"/>
      <exampleCanonical value="https://interop.esante.gouv.fr/ig/fhir/annuaire/StructureDefinition/as-dr-practitionerrole"/>
    </resource>
    <resource>
      <extension url="http://hl7.org/fhir/tools/StructureDefinition/resource-information">
        <valueString value="PractitionerRole"/>
      </extension>
      <reference>
        <reference value="PractitionerRole/1578230"/>
      </reference>
      <name value="pp19dr-practitioner-role-sal"/>
      <exampleCanonical value="https://interop.esante.gouv.fr/ig/fhir/annuaire/StructureDefinition/as-dr-practitionerrole"/>
    </resource>
    <resource>
      <extension url="http://hl7.org/fhir/tools/StructureDefinition/resource-information">
        <valueString value="ValueSet"/>
      </extension>
      <reference>
        <reference value="ValueSet/VS-TRE-R286-TypeFermeture"/>
      </reference>
      <name value="ValueSet pour l'ensemble des codes concepts de la TRE avec l'url : https://mos.esante.gouv.fr/NOS/TRE_R286-TypeFermeture/FHIR/TRE-R286-TypeFermeture"/>
      <description value="JDV des NOS contenant l'ensemble des codes concepts de la TRE avec l'url : https://mos.esante.gouv.fr/NOS/TRE_R286-TypeFermeture/FHIR/TRE-R286-TypeFermeture"/>
      <exampleBoolean value="false"/>
    </resource>
    <resource>
      <extension url="http://hl7.org/fhir/tools/StructureDefinition/resource-information">
        <valueString value="ValueSet"/>
      </extension>
      <reference>
        <reference value="ValueSet/VS-TRE-R301-SourceInformationInstallation"/>
      </reference>
      <name value="ValueSet pour l'ensemble des codes concepts de la TRE avec l'url : https://mos.esante.gouv.fr/NOS/TRE_R301-SourceInformationInstallation/FHIR/TRE-R301-SourceInformationInstallation"/>
      <description value="JDV des NOS contenant l'ensemble des codes concepts de la TRE avec l'url : https://mos.esante.gouv.fr/NOS/TRE_R301-SourceInformationInstallation/FHIR/TRE-R301-SourceInformationInstallation"/>
      <exampleBoolean value="false"/>
    </resource>
    <resource>
      <extension url="http://hl7.org/fhir/tools/StructureDefinition/resource-information">
        <valueString value="ValueSet"/>
      </extension>
      <reference>
        <reference value="ValueSet/VS-TRE-R74-ModeFixationTarifaire"/>
      </reference>
      <name value="ValueSet pour l'ensemble des codes concepts de la TRE avec l'url : https://mos.esante.gouv.fr/NOS/TRE_R74-ModeFixationTarifaire/FHIR/TRE-R74-ModeFixationTarifaire"/>
      <description value="JDV des NOS contenant l'ensemble des codes concepts de la TRE avec l'url : https://mos.esante.gouv.fr/NOS/TRE_R74-ModeFixationTarifaire/FHIR/TRE-R74-ModeFixationTarifaire"/>
      <exampleBoolean value="false"/>
    </resource>
    <page>
      <extension url="http://hl7.org/fhir/tools/StructureDefinition/ig-page-name">
        <valueUrl value="toc.html"/>
      </extension>
      <nameUrl value="toc.html"/>
      <title value="Table of Contents"/>
      <generation value="html"/>
      <page>
        <extension url="http://hl7.org/fhir/tools/StructureDefinition/ig-page-name">
          <valueUrl value="index.html"/>
        </extension>
        <nameUrl value="index.html"/>
        <title value="Accueil"/>
        <generation value="markdown"/>
      </page>
      <page>
        <extension url="http://hl7.org/fhir/tools/StructureDefinition/ig-page-name">
          <valueUrl value="liste_profils.html"/>
        </extension>
        <nameUrl value="liste_profils.html"/>
        <title value="Liste des profils par permission"/>
        <generation value="markdown"/>
      </page>
      <page>
        <extension url="http://hl7.org/fhir/tools/StructureDefinition/ig-page-name">
          <valueUrl value="downloads.html"/>
        </extension>
        <nameUrl value="downloads.html"/>
        <title value="Téléchargement du guide"/>
        <generation value="markdown"/>
      </page>
    </page>
    <parameter>
      <code value="path-resource"/>
      <value value="input/capabilities"/>
    </parameter>
    <parameter>
      <code value="path-resource"/>
      <value value="input/examples"/>
    </parameter>
    <parameter>
      <code value="path-resource"/>
      <value value="input/extensions"/>
    </parameter>
    <parameter>
      <code value="path-resource"/>
      <value value="input/models"/>
    </parameter>
    <parameter>
      <code value="path-resource"/>
      <value value="input/operations"/>
    </parameter>
    <parameter>
      <code value="path-resource"/>
      <value value="input/profiles"/>
    </parameter>
    <parameter>
      <code value="path-resource"/>
      <value value="input/resources"/>
    </parameter>
    <parameter>
      <code value="path-resource"/>
      <value value="input/vocabulary"/>
    </parameter>
    <parameter>
      <code value="path-resource"/>
      <value value="input/maps"/>
    </parameter>
    <parameter>
      <code value="path-resource"/>
      <value value="input/testing"/>
    </parameter>
    <parameter>
      <code value="path-resource"/>
      <value value="input/history"/>
    </parameter>
    <parameter>
      <code value="path-resource"/>
      <value value="fsh-generated/resources"/>
    </parameter>
    <parameter>
      <code value="path-pages"/>
      <value value="template/config"/>
    </parameter>
    <parameter>
      <code value="path-pages"/>
      <value value="input/images"/>
    </parameter>
    <parameter>
      <code value="path-tx-cache"/>
      <value value="input-cache/txcache"/>
    </parameter>
  </definition>
</ImplementationGuide>