{"resourceType":"CodeSystem","id":"as-cs-intern-id-systems","text":{"status":"generated","div":"<div xmlns=\"http://www.w3.org/1999/xhtml\"><p class=\"res-header-id\"><b>Generated Narrative: CodeSystem as-cs-intern-id-systems</b></p><a name=\"as-cs-intern-id-systems\"> </a><a name=\"hcas-cs-intern-id-systems\"> </a><a name=\"as-cs-intern-id-systems-fr-FR\"> </a><p>This  code system <code>https://interop.esante.gouv.fr/ig/fhir/annuaire/CodeSystem/as-cs-intern-id-systems</code> defines the following codes:</p><table class=\"codes\"><tr><td style=\"white-space:nowrap\"><b>Code</b></td><td><b>Display</b></td></tr><tr><td style=\"white-space:nowrap\">finess.interne.esante.gouv.fr<a name=\"as-cs-intern-id-systems-finess.46interne.46esante.46gouv.46fr\"> </a></td><td>Système de l'identifiant interne basé sur l'identifiant de la structure FINESS</td></tr><tr><td style=\"white-space:nowrap\">siren.interne.esante.gouv.fr<a name=\"as-cs-intern-id-systems-siren.46interne.46esante.46gouv.46fr\"> </a></td><td>Système de l'identifiant interne basé sur l'identifiant de la structure SIREN</td></tr><tr><td style=\"white-space:nowrap\">siret.interne.esante.gouv.fr<a name=\"as-cs-intern-id-systems-siret.46interne.46esante.46gouv.46fr\"> </a></td><td>Système de l'identifiant interne basé sur l'identifiant de la structure SIRET</td></tr><tr><td style=\"white-space:nowrap\">rpps.interne.esante.gouv.fr<a name=\"as-cs-intern-id-systems-rpps.46interne.46esante.46gouv.46fr\"> </a></td><td>Système de l'identifiant interne basé sur l'identifiant du cabinet RPPS</td></tr><tr><td style=\"white-space:nowrap\">adeli.interne.esante.gouv.fr<a name=\"as-cs-intern-id-systems-adeli.46interne.46esante.46gouv.46fr\"> </a></td><td>Système de l'identifiant interne basé sur l'identifiant du cabinet ADELI</td></tr></table></div>"},"url":"https://interop.esante.gouv.fr/ig/fhir/annuaire/CodeSystem/as-cs-intern-id-systems","version":"1.1.0-snapshot-3","name":"AsCSInterneIdSystems","title":"AS CodeSystem Internal Identifier Systems","status":"active","date":"2024-09-12T13:29:53+00:00","publisher":"Agence du Numérique en Santé (ANS) - 2-10 Rue d'Oradour-sur-Glane, 75015 Paris","contact":[{"name":"Agence du Numérique en Santé (ANS) - 2-10 Rue d'Oradour-sur-Glane, 75015 Paris","telecom":[{"system":"url","value":"https://esante.gouv.fr"},{"system":"email","value":"monserviceclient.annuaire@esante.gouv.fr"}]}],"description":"CodeSystem contenant les identifiants locaux","jurisdiction":[{"coding":[{"system":"urn:iso:std:iso:3166","code":"FR","display":"FRANCE"}]}],"content":"complete","count":5,"concept":[{"code":"finess.interne.esante.gouv.fr","display":"Système de l'identifiant interne basé sur l'identifiant de la structure FINESS"},{"code":"siren.interne.esante.gouv.fr","display":"Système de l'identifiant interne basé sur l'identifiant de la structure SIREN"},{"code":"siret.interne.esante.gouv.fr","display":"Système de l'identifiant interne basé sur l'identifiant de la structure SIRET"},{"code":"rpps.interne.esante.gouv.fr","display":"Système de l'identifiant interne basé sur l'identifiant du cabinet RPPS"},{"code":"adeli.interne.esante.gouv.fr","display":"Système de l'identifiant interne basé sur l'identifiant du cabinet ADELI"}]}