{"resourceType":"ImplementationGuide","id":"ans.fhir.fr.annuaire","text":{"status":"generated","div":"<div xmlns=\"http://www.w3.org/1999/xhtml\"><p class=\"res-header-id\"><b>Generated Narrative: ImplementationGuide ans.fhir.fr.annuaire</b></p><a name=\"ans.fhir.fr.annuaire\"> </a><a name=\"hcans.fhir.fr.annuaire\"> </a><a name=\"ans.fhir.fr.annuaire-fr-FR\"> </a><h2>AnnuaireSante</h2><p>The official URL for this implementation guide is: </p><pre>https://interop.esante.gouv.fr/ig/fhir/annuaire/ImplementationGuide/ans.fhir.fr.annuaire</pre><div><p>Ressources de conformité basées sur le modèle d'exposition de l'Annuaire Santé.</p>\n</div></div>"},"url":"https://interop.esante.gouv.fr/ig/fhir/annuaire/ImplementationGuide/ans.fhir.fr.annuaire","version":"1.1.0-snapshot-3","name":"AnnuaireSante","title":"Annuaire Santé","status":"active","date":"2024-09-12T12:30:18+00:00","publisher":"Agence du Numérique en Santé (ANS) - 2-10 Rue d'Oradour-sur-Glane, 75015 Paris","contact":[{"name":"Agence du Numérique en Santé (ANS) - 2-10 Rue d'Oradour-sur-Glane, 75015 Paris","telecom":[{"system":"url","value":"https://esante.gouv.fr"},{"system":"email","value":"monserviceclient.annuaire@esante.gouv.fr"}]}],"description":"Ressources de conformité basées sur le modèle d'exposition de l'Annuaire Santé.","jurisdiction":[{"coding":[{"system":"urn:iso:std:iso:3166","code":"FR","display":"FRANCE"}]}],"packageId":"ans.fhir.fr.annuaire","license":"CC0-1.0","fhirVersion":["4.0.1"],"dependsOn":[{"id":"hl7ext","extension":[{"url":"http://hl7.org/fhir/tools/StructureDefinition/implementationguide-dependency-comment","valueMarkdown":"Automatically added as a dependency - all IGs depend on the HL7 Extension Pack"}],"uri":"http://hl7.org/fhir/extensions/ImplementationGuide/hl7.fhir.uv.extensions","packageId":"hl7.fhir.uv.extensions.r4","version":"5.1.0"},{"id":"hl7_fhir_fr_core","uri":"https://hl7.fr/ig/fhir/core/ImplementationGuide/hl7.fhir.fr.core","packageId":"hl7.fhir.fr.core","version":"2.1.0"},{"id":"ans_fr_nos","uri":"https://interop.esante.gouv.fr/ig/nos/ImplementationGuide/ans.fr.nos","packageId":"ans.fr.nos","version":"1.3.0"},{"id":"hl7_terminology_r4","uri":"http://terminology.hl7.org/ImplementationGuide/hl7.terminology","packageId":"hl7.terminology.r4","version":"5.5.0"}],"definition":{"extension":[{"extension":[{"url":"code","valueString":"copyrightyear"},{"url":"value","valueString":"2020+"}],"url":"http://hl7.org/fhir/tools/StructureDefinition/ig-parameter"},{"extension":[{"url":"code","valueString":"releaselabel"},{"url":"value","valueString":"qa-preview"}],"url":"http://hl7.org/fhir/tools/StructureDefinition/ig-parameter"},{"extension":[{"url":"code","valueString":"shownav"},{"url":"value","valueString":"true"}],"url":"http://hl7.org/fhir/tools/StructureDefinition/ig-parameter"},{"extension":[{"url":"code","valueString":"logging"},{"url":"value","valueString":"tx"}],"url":"http://hl7.org/fhir/tools/StructureDefinition/ig-parameter"},{"extension":[{"url":"code","valueString":"autoload-resources"},{"url":"value","valueString":"true"}],"url":"http://hl7.org/fhir/tools/StructureDefinition/ig-parameter"},{"extension":[{"url":"code","valueString":"path-liquid"},{"url":"value","valueString":"template/liquid"}],"url":"http://hl7.org/fhir/tools/StructureDefinition/ig-parameter"},{"extension":[{"url":"code","valueString":"path-liquid"},{"url":"value","valueString":"input/liquid"}],"url":"http://hl7.org/fhir/tools/StructureDefinition/ig-parameter"},{"extension":[{"url":"code","valueString":"path-qa"},{"url":"value","valueString":"temp/qa"}],"url":"http://hl7.org/fhir/tools/StructureDefinition/ig-parameter"},{"extension":[{"url":"code","valueString":"path-temp"},{"url":"value","valueString":"temp/pages"}],"url":"http://hl7.org/fhir/tools/StructureDefinition/ig-parameter"},{"extension":[{"url":"code","valueString":"path-output"},{"url":"value","valueString":"output"}],"url":"http://hl7.org/fhir/tools/StructureDefinition/ig-parameter"},{"extension":[{"url":"code","valueString":"path-suppressed-warnings"},{"url":"value","valueString":"input/ignoreWarnings.txt"}],"url":"http://hl7.org/fhir/tools/StructureDefinition/ig-parameter"},{"extension":[{"url":"code","valueString":"path-history"},{"url":"value","valueString":"https://interop.esante.gouv.fr/ig/fhir/annuaire/history.html"}],"url":"http://hl7.org/fhir/tools/StructureDefinition/ig-parameter"},{"extension":[{"url":"code","valueString":"template-html"},{"url":"value","valueString":"template-page.html"}],"url":"http://hl7.org/fhir/tools/StructureDefinition/ig-parameter"},{"extension":[{"url":"code","valueString":"template-md"},{"url":"value","valueString":"template-page-md.html"}],"url":"http://hl7.org/fhir/tools/StructureDefinition/ig-parameter"},{"extension":[{"url":"code","valueString":"apply-contact"},{"url":"value","valueString":"true"}],"url":"http://hl7.org/fhir/tools/StructureDefinition/ig-parameter"},{"extension":[{"url":"code","valueString":"apply-context"},{"url":"value","valueString":"true"}],"url":"http://hl7.org/fhir/tools/StructureDefinition/ig-parameter"},{"extension":[{"url":"code","valueString":"apply-copyright"},{"url":"value","valueString":"true"}],"url":"http://hl7.org/fhir/tools/StructureDefinition/ig-parameter"},{"extension":[{"url":"code","valueString":"apply-jurisdiction"},{"url":"value","valueString":"true"}],"url":"http://hl7.org/fhir/tools/StructureDefinition/ig-parameter"},{"extension":[{"url":"code","valueString":"apply-license"},{"url":"value","valueString":"true"}],"url":"http://hl7.org/fhir/tools/StructureDefinition/ig-parameter"},{"extension":[{"url":"code","valueString":"apply-publisher"},{"url":"value","valueString":"true"}],"url":"http://hl7.org/fhir/tools/StructureDefinition/ig-parameter"},{"extension":[{"url":"code","valueString":"apply-version"},{"url":"value","valueString":"true"}],"url":"http://hl7.org/fhir/tools/StructureDefinition/ig-parameter"},{"extension":[{"url":"code","valueString":"apply-wg"},{"url":"value","valueString":"true"}],"url":"http://hl7.org/fhir/tools/StructureDefinition/ig-parameter"},{"extension":[{"url":"code","valueString":"active-tables"},{"url":"value","valueString":"true"}],"url":"http://hl7.org/fhir/tools/StructureDefinition/ig-parameter"},{"extension":[{"url":"code","valueString":"fmm-definition"},{"url":"value","valueString":"http://hl7.org/fhir/versions.html#maturity"}],"url":"http://hl7.org/fhir/tools/StructureDefinition/ig-parameter"},{"extension":[{"url":"code","valueString":"propagate-status"},{"url":"value","valueString":"true"}],"url":"http://hl7.org/fhir/tools/StructureDefinition/ig-parameter"},{"extension":[{"url":"code","valueString":"excludelogbinaryformat"},{"url":"value","valueString":"true"}],"url":"http://hl7.org/fhir/tools/StructureDefinition/ig-parameter"},{"extension":[{"url":"code","valueString":"tabbed-snapshots"},{"url":"value","valueString":"true"}],"url":"http://hl7.org/fhir/tools/StructureDefinition/ig-parameter"},{"url":"http://hl7.org/fhir/tools/StructureDefinition/ig-internal-dependency","valueCode":"hl7.fhir.uv.tools#0.2.0"},{"extension":[{"url":"code","valueCode":"copyrightyear"},{"url":"value","valueString":"2020+"}],"url":"http://hl7.org/fhir/tools/StructureDefinition/ig-parameter"},{"extension":[{"url":"code","valueCode":"releaselabel"},{"url":"value","valueString":"qa-preview"}],"url":"http://hl7.org/fhir/tools/StructureDefinition/ig-parameter"},{"extension":[{"url":"code","valueCode":"shownav"},{"url":"value","valueString":"true"}],"url":"http://hl7.org/fhir/tools/StructureDefinition/ig-parameter"},{"extension":[{"url":"code","valueCode":"logging"},{"url":"value","valueString":"tx"}],"url":"http://hl7.org/fhir/tools/StructureDefinition/ig-parameter"},{"extension":[{"url":"code","valueCode":"autoload-resources"},{"url":"value","valueString":"true"}],"url":"http://hl7.org/fhir/tools/StructureDefinition/ig-parameter"},{"extension":[{"url":"code","valueCode":"path-liquid"},{"url":"value","valueString":"template/liquid"}],"url":"http://hl7.org/fhir/tools/StructureDefinition/ig-parameter"},{"extension":[{"url":"code","valueCode":"path-liquid"},{"url":"value","valueString":"input/liquid"}],"url":"http://hl7.org/fhir/tools/StructureDefinition/ig-parameter"},{"extension":[{"url":"code","valueCode":"path-qa"},{"url":"value","valueString":"temp/qa"}],"url":"http://hl7.org/fhir/tools/StructureDefinition/ig-parameter"},{"extension":[{"url":"code","valueCode":"path-temp"},{"url":"value","valueString":"temp/pages"}],"url":"http://hl7.org/fhir/tools/StructureDefinition/ig-parameter"},{"extension":[{"url":"code","valueCode":"path-output"},{"url":"value","valueString":"output"}],"url":"http://hl7.org/fhir/tools/StructureDefinition/ig-parameter"},{"extension":[{"url":"code","valueCode":"path-suppressed-warnings"},{"url":"value","valueString":"input/ignoreWarnings.txt"}],"url":"http://hl7.org/fhir/tools/StructureDefinition/ig-parameter"},{"extension":[{"url":"code","valueCode":"path-history"},{"url":"value","valueString":"https://interop.esante.gouv.fr/ig/fhir/annuaire/history.html"}],"url":"http://hl7.org/fhir/tools/StructureDefinition/ig-parameter"},{"extension":[{"url":"code","valueCode":"template-html"},{"url":"value","valueString":"template-page.html"}],"url":"http://hl7.org/fhir/tools/StructureDefinition/ig-parameter"},{"extension":[{"url":"code","valueCode":"template-md"},{"url":"value","valueString":"template-page-md.html"}],"url":"http://hl7.org/fhir/tools/StructureDefinition/ig-parameter"},{"extension":[{"url":"code","valueCode":"apply-contact"},{"url":"value","valueString":"true"}],"url":"http://hl7.org/fhir/tools/StructureDefinition/ig-parameter"},{"extension":[{"url":"code","valueCode":"apply-context"},{"url":"value","valueString":"true"}],"url":"http://hl7.org/fhir/tools/StructureDefinition/ig-parameter"},{"extension":[{"url":"code","valueCode":"apply-copyright"},{"url":"value","valueString":"true"}],"url":"http://hl7.org/fhir/tools/StructureDefinition/ig-parameter"},{"extension":[{"url":"code","valueCode":"apply-jurisdiction"},{"url":"value","valueString":"true"}],"url":"http://hl7.org/fhir/tools/StructureDefinition/ig-parameter"},{"extension":[{"url":"code","valueCode":"apply-license"},{"url":"value","valueString":"true"}],"url":"http://hl7.org/fhir/tools/StructureDefinition/ig-parameter"},{"extension":[{"url":"code","valueCode":"apply-publisher"},{"url":"value","valueString":"true"}],"url":"http://hl7.org/fhir/tools/StructureDefinition/ig-parameter"},{"extension":[{"url":"code","valueCode":"apply-version"},{"url":"value","valueString":"true"}],"url":"http://hl7.org/fhir/tools/StructureDefinition/ig-parameter"},{"extension":[{"url":"code","valueCode":"apply-wg"},{"url":"value","valueString":"true"}],"url":"http://hl7.org/fhir/tools/StructureDefinition/ig-parameter"},{"extension":[{"url":"code","valueCode":"active-tables"},{"url":"value","valueString":"true"}],"url":"http://hl7.org/fhir/tools/StructureDefinition/ig-parameter"},{"extension":[{"url":"code","valueCode":"fmm-definition"},{"url":"value","valueString":"http://hl7.org/fhir/versions.html#maturity"}],"url":"http://hl7.org/fhir/tools/StructureDefinition/ig-parameter"},{"extension":[{"url":"code","valueCode":"propagate-status"},{"url":"value","valueString":"true"}],"url":"http://hl7.org/fhir/tools/StructureDefinition/ig-parameter"},{"extension":[{"url":"code","valueCode":"excludelogbinaryformat"},{"url":"value","valueString":"true"}],"url":"http://hl7.org/fhir/tools/StructureDefinition/ig-parameter"},{"extension":[{"url":"code","valueCode":"tabbed-snapshots"},{"url":"value","valueString":"true"}],"url":"http://hl7.org/fhir/tools/StructureDefinition/ig-parameter"},{"extension":[{"url":"code","valueCode":"copyrightyear"},{"url":"value","valueString":"2020+"}],"url":"http://hl7.org/fhir/tools/StructureDefinition/ig-parameter"},{"extension":[{"url":"code","valueCode":"releaselabel"},{"url":"value","valueString":"qa-preview"}],"url":"http://hl7.org/fhir/tools/StructureDefinition/ig-parameter"},{"extension":[{"url":"code","valueCode":"shownav"},{"url":"value","valueString":"true"}],"url":"http://hl7.org/fhir/tools/StructureDefinition/ig-parameter"},{"extension":[{"url":"code","valueCode":"logging"},{"url":"value","valueString":"tx"}],"url":"http://hl7.org/fhir/tools/StructureDefinition/ig-parameter"},{"extension":[{"url":"code","valueCode":"autoload-resources"},{"url":"value","valueString":"true"}],"url":"http://hl7.org/fhir/tools/StructureDefinition/ig-parameter"},{"extension":[{"url":"code","valueCode":"path-liquid"},{"url":"value","valueString":"template/liquid"}],"url":"http://hl7.org/fhir/tools/StructureDefinition/ig-parameter"},{"extension":[{"url":"code","valueCode":"path-liquid"},{"url":"value","valueString":"input/liquid"}],"url":"http://hl7.org/fhir/tools/StructureDefinition/ig-parameter"},{"extension":[{"url":"code","valueCode":"path-qa"},{"url":"value","valueString":"temp/qa"}],"url":"http://hl7.org/fhir/tools/StructureDefinition/ig-parameter"},{"extension":[{"url":"code","valueCode":"path-temp"},{"url":"value","valueString":"temp/pages"}],"url":"http://hl7.org/fhir/tools/StructureDefinition/ig-parameter"},{"extension":[{"url":"code","valueCode":"path-output"},{"url":"value","valueString":"output"}],"url":"http://hl7.org/fhir/tools/StructureDefinition/ig-parameter"},{"extension":[{"url":"code","valueCode":"path-suppressed-warnings"},{"url":"value","valueString":"input/ignoreWarnings.txt"}],"url":"http://hl7.org/fhir/tools/StructureDefinition/ig-parameter"},{"extension":[{"url":"code","valueCode":"path-history"},{"url":"value","valueString":"https://interop.esante.gouv.fr/ig/fhir/annuaire/history.html"}],"url":"http://hl7.org/fhir/tools/StructureDefinition/ig-parameter"},{"extension":[{"url":"code","valueCode":"template-html"},{"url":"value","valueString":"template-page.html"}],"url":"http://hl7.org/fhir/tools/StructureDefinition/ig-parameter"},{"extension":[{"url":"code","valueCode":"template-md"},{"url":"value","valueString":"template-page-md.html"}],"url":"http://hl7.org/fhir/tools/StructureDefinition/ig-parameter"},{"extension":[{"url":"code","valueCode":"apply-contact"},{"url":"value","valueString":"true"}],"url":"http://hl7.org/fhir/tools/StructureDefinition/ig-parameter"},{"extension":[{"url":"code","valueCode":"apply-context"},{"url":"value","valueString":"true"}],"url":"http://hl7.org/fhir/tools/StructureDefinition/ig-parameter"},{"extension":[{"url":"code","valueCode":"apply-copyright"},{"url":"value","valueString":"true"}],"url":"http://hl7.org/fhir/tools/StructureDefinition/ig-parameter"},{"extension":[{"url":"code","valueCode":"apply-jurisdiction"},{"url":"value","valueString":"true"}],"url":"http://hl7.org/fhir/tools/StructureDefinition/ig-parameter"},{"extension":[{"url":"code","valueCode":"apply-license"},{"url":"value","valueString":"true"}],"url":"http://hl7.org/fhir/tools/StructureDefinition/ig-parameter"},{"extension":[{"url":"code","valueCode":"apply-publisher"},{"url":"value","valueString":"true"}],"url":"http://hl7.org/fhir/tools/StructureDefinition/ig-parameter"},{"extension":[{"url":"code","valueCode":"apply-version"},{"url":"value","valueString":"true"}],"url":"http://hl7.org/fhir/tools/StructureDefinition/ig-parameter"},{"extension":[{"url":"code","valueCode":"apply-wg"},{"url":"value","valueString":"true"}],"url":"http://hl7.org/fhir/tools/StructureDefinition/ig-parameter"},{"extension":[{"url":"code","valueCode":"active-tables"},{"url":"value","valueString":"true"}],"url":"http://hl7.org/fhir/tools/StructureDefinition/ig-parameter"},{"extension":[{"url":"code","valueCode":"fmm-definition"},{"url":"value","valueString":"http://hl7.org/fhir/versions.html#maturity"}],"url":"http://hl7.org/fhir/tools/StructureDefinition/ig-parameter"},{"extension":[{"url":"code","valueCode":"propagate-status"},{"url":"value","valueString":"true"}],"url":"http://hl7.org/fhir/tools/StructureDefinition/ig-parameter"},{"extension":[{"url":"code","valueCode":"excludelogbinaryformat"},{"url":"value","valueString":"true"}],"url":"http://hl7.org/fhir/tools/StructureDefinition/ig-parameter"},{"extension":[{"url":"code","valueCode":"tabbed-snapshots"},{"url":"value","valueString":"true"}],"url":"http://hl7.org/fhir/tools/StructureDefinition/ig-parameter"}],"grouping":[{"id":"-dyn-capabilitystatement","name":"Behavior: Capability Statements","description":"The following artifacts define the specific capabilities that different types of systems are expected to have in order to comply with this implementation guide.  Systems conforming to this implementation guide are expected to declare conformance to one or more of the following capability statements."},{"id":"-dyn-searchparameter","name":"Behavior: Search Parameters","description":"These define the properties by which a RESTful server can be searched.  They can also be used for sorting and including related resources."},{"id":"-str-profile","name":"Structures: Resource Profiles","description":"These define constraints on FHIR resources for systems conforming to this implementation guide."},{"id":"-str-datatype","name":"Structures: Data Type Profiles","description":"These define constraints on FHIR data types for systems conforming to this implementation guide."},{"id":"-str-extension","name":"Structures: Extension Definitions","description":"These define constraints on FHIR data types for systems conforming to this implementation guide."},{"id":"-term-valueset","name":"Terminology: Value Sets","description":"These define sets of codes used by systems conforming to this implementation guide."},{"id":"-term-codesystem","name":"Terminology: Code Systems","description":"These define new code systems used by systems conforming to this implementation guide."},{"id":"-ex-example","name":"Example: Example Instances","description":"These are example instances that show what data produced and consumed by systems conforming with this implementation guide might look like."}],"resource":[{"extension":[{"url":"http://hl7.org/fhir/tools/StructureDefinition/resource-sort","valueInteger":999999999},{"url":"http://hl7.org/fhir/StructureDefinition/implementationguide-page","valueUri":"CapabilityStatement-AsServerCapabilityStatement.html"}],"reference":{"reference":"CapabilityStatement/AsServerCapabilityStatement"},"name":"AsServerCapabilityStatement","exampleBoolean":false,"groupingId":"-dyn-capabilitystatement"},{"extension":[{"url":"http://hl7.org/fhir/tools/StructureDefinition/resource-sort","valueInteger":999999999},{"url":"http://hl7.org/fhir/StructureDefinition/implementationguide-page","valueUri":"SearchParameter-as-sp-data-information-system.html"}],"reference":{"reference":"SearchParameter/as-sp-data-information-system"},"name":"as-sp-data-information-system","description":"Paramètre de recherche pour récupérer une ressource par système d'information de provenance des données.","exampleBoolean":false,"groupingId":"-dyn-searchparameter"},{"extension":[{"url":"http://hl7.org/fhir/tools/StructureDefinition/resource-sort","valueInteger":999999999},{"url":"http://hl7.org/fhir/StructureDefinition/implementationguide-page","valueUri":"SearchParameter-as-sp-data-registration-authority.html"}],"reference":{"reference":"SearchParameter/as-sp-data-registration-authority"},"name":"as-sp-data-registration-authority","description":"Paramètre de recherche pour récupérer une ressource par autorité d'enregistrement des données.","exampleBoolean":false,"groupingId":"-dyn-searchparameter"},{"extension":[{"url":"http://hl7.org/fhir/tools/StructureDefinition/resource-sort","valueInteger":999999999},{"url":"http://hl7.org/fhir/StructureDefinition/implementationguide-page","valueUri":"SearchParameter-as-sp-insee-code.html"}],"reference":{"reference":"SearchParameter/as-sp-insee-code"},"name":"as-sp-insee-code","description":"Paramètre de recherche pour récupérer une organisation, par code Insee. Cf http://www.sirius-upvm.net/doc/usuels/codes_postaux.html","exampleBoolean":false,"groupingId":"-dyn-searchparameter"},{"extension":[{"url":"http://hl7.org/fhir/tools/StructureDefinition/resource-sort","valueInteger":999999999},{"url":"http://hl7.org/fhir/StructureDefinition/implementationguide-page","valueUri":"SearchParameter-as-sp-mailbox-mss.html"}],"reference":{"reference":"SearchParameter/as-sp-mailbox-mss"},"name":"as-sp-mailbox-mss","description":"Paramètre de recherche pour récupérer une organisation, un praticien ou une situation d'exercice par adresse MSSanté.","exampleBoolean":false,"groupingId":"-dyn-searchparameter"},{"extension":[{"url":"http://hl7.org/fhir/tools/StructureDefinition/resource-sort","valueInteger":999999999},{"url":"http://hl7.org/fhir/StructureDefinition/implementationguide-page","valueUri":"SearchParameter-as-sp-number-smartcard.html"}],"reference":{"reference":"SearchParameter/as-sp-number-smartcard"},"name":"as-sp-number-smartcard","description":"Paramètre de recherche pour récupérer les situations d'exercice d'un professionnel par son numéro de carte CPx.","exampleBoolean":false,"groupingId":"-dyn-searchparameter"},{"extension":[{"url":"http://hl7.org/fhir/tools/StructureDefinition/resource-sort","valueInteger":999999999},{"url":"http://hl7.org/fhir/StructureDefinition/implementationguide-page","valueUri":"SearchParameter-as-sp-pharmacy-licence.html"}],"reference":{"reference":"SearchParameter/as-sp-pharmacy-licence"},"name":"as-sp-pharmacy-licence","description":"Paramètre de recherche pour récupérer une pharmacie par son numéro de licence.","exampleBoolean":false,"groupingId":"-dyn-searchparameter"},{"extension":[{"url":"http://hl7.org/fhir/tools/StructureDefinition/resource-sort","valueInteger":999999999},{"url":"http://hl7.org/fhir/StructureDefinition/implementationguide-page","valueUri":"SearchParameter-as-sp-qualification-code.html"}],"reference":{"reference":"SearchParameter/as-sp-qualification-code"},"name":"as-sp-qualification-code","description":"Paramètre de recherche pour rechercher par code de qualification.","exampleBoolean":false,"groupingId":"-dyn-searchparameter"},{"extension":[{"url":"http://hl7.org/fhir/tools/StructureDefinition/resource-sort","valueInteger":999999999},{"url":"http://hl7.org/fhir/StructureDefinition/implementationguide-page","valueUri":"SearchParameter-as-sp-type-smartcard.html"}],"reference":{"reference":"SearchParameter/as-sp-type-smartcard"},"name":"as-sp-type-smartcard","description":"Paramètre de recherche pour récupérer les situations d'exercice d'un professionnel par type de carte CPx.","exampleBoolean":false,"groupingId":"-dyn-searchparameter"},{"extension":[{"url":"http://hl7.org/fhir/tools/StructureDefinition/resource-sort","valueInteger":999999999},{"url":"http://hl7.org/fhir/StructureDefinition/implementationguide-page","valueUri":"StructureDefinition-as-device.html"}],"reference":{"reference":"StructureDefinition/as-device"},"name":"AS Device Profile","description":"Profil générique créé à partir de Device dans le contexte de l'Annuaire Santé pour décrire les équipements matériels lourds ('EML') mis en oeuvre au sein d'un établissement.","exampleBoolean":false,"groupingId":"-str-profile"},{"extension":[{"url":"http://hl7.org/fhir/tools/StructureDefinition/resource-sort","valueInteger":999999999},{"url":"http://hl7.org/fhir/StructureDefinition/implementationguide-page","valueUri":"StructureDefinition-as-dp-device.html"}],"reference":{"reference":"StructureDefinition/as-dp-device"},"name":"AS Donnée Publique Device Profile","description":"Profil public applicatif créé à partir du profil générique as-device dans le contexte des données en libre accès de l’Annuaire Santé. Pour connaître les paramètres de recherches associés à ce profil, il suffit de consulter le CapabilityStatement AsServerCapabilityStatement.","exampleBoolean":false,"groupingId":"-str-profile"},{"extension":[{"url":"http://hl7.org/fhir/tools/StructureDefinition/resource-sort","valueInteger":999999999},{"url":"http://hl7.org/fhir/StructureDefinition/implementationguide-page","valueUri":"StructureDefinition-as-dp-healthcareservice-healthcare-activity.html"}],"reference":{"reference":"StructureDefinition/as-dp-healthcareservice-healthcare-activity"},"name":"AS Donnée Publique HealthcareService Healthcare Activity Profile","description":"Profil public applicatif créé à partir du profil générique as-healthcareservice-healthcare-activity dans le contexte des données en accès libre de l'Annuaire Santé. Pour connaître les paramètres de recherches associés à ce profil, il suffit de consulter le CapabilityStatement AsServerCapabilityStatement.","exampleBoolean":false,"groupingId":"-str-profile"},{"extension":[{"url":"http://hl7.org/fhir/tools/StructureDefinition/resource-sort","valueInteger":999999999},{"url":"http://hl7.org/fhir/StructureDefinition/implementationguide-page","valueUri":"StructureDefinition-as-dp-healthcareservice-social-equipment.html"}],"reference":{"reference":"StructureDefinition/as-dp-healthcareservice-social-equipment"},"name":"AS Donnée Publique HealthcareService Social Equipment Profile","description":"Profil public applicatif créé à partir du profil générique as-healthcareservice-social-equipment dans le contexte des données en accès libre de l'Annuaire Santé. Pour connaître les paramètres de recherches associés à ce profil, il suffit de consulter le CapabilityStatement AsServerCapabilityStatement.","exampleBoolean":false,"groupingId":"-str-profile"},{"extension":[{"url":"http://hl7.org/fhir/tools/StructureDefinition/resource-sort","valueInteger":999999999},{"url":"http://hl7.org/fhir/StructureDefinition/implementationguide-page","valueUri":"StructureDefinition-as-dp-organization.html"}],"reference":{"reference":"StructureDefinition/as-dp-organization"},"name":"AS Donnée Publique Organization Profile","description":"Profil public applicatif créé à partir du profil générique as-organization  dans le contexte des données en libre accès de l’Annuaire Santé. Pour connaître les paramètres de recherches associés à ce profil, il suffit de consulter le CapabilityStatement AsServerCapabilityStatement.","exampleBoolean":false,"groupingId":"-str-profile"},{"extension":[{"url":"http://hl7.org/fhir/tools/StructureDefinition/resource-sort","valueInteger":999999999},{"url":"http://hl7.org/fhir/StructureDefinition/implementationguide-page","valueUri":"StructureDefinition-as-dp-practitioner.html"}],"reference":{"reference":"StructureDefinition/as-dp-practitioner"},"name":"AS Donnée Publique Practitioner Profile","description":"Profil public applicatif créé à partir du profil générique as-practitioner dans le contexte des données en libre accès de l’Annuaire Santé. Pour connaître les paramètres de recherches associés à ce profil, il suffit de consulter le CapabilityStatement AsServerCapabilityStatement.","exampleBoolean":false,"groupingId":"-str-profile"},{"extension":[{"url":"http://hl7.org/fhir/tools/StructureDefinition/resource-sort","valueInteger":999999999},{"url":"http://hl7.org/fhir/StructureDefinition/implementationguide-page","valueUri":"StructureDefinition-as-dp-practitionerrole.html"}],"reference":{"reference":"StructureDefinition/as-dp-practitionerrole"},"name":"AS Donnée Publique PractitionerRole Profile","description":"Profil public applicatif créé à partir du profil générique as-practitionerrole dans le contexte des données en libre accès de l’Annuaire Santé. Pour connaître les paramètres de recherches associés à ce profil, il suffit de consulter le CapabilityStatement AsServerCapabilityStatement.","exampleBoolean":false,"groupingId":"-str-profile"},{"extension":[{"url":"http://hl7.org/fhir/tools/StructureDefinition/resource-sort","valueInteger":999999999},{"url":"http://hl7.org/fhir/StructureDefinition/implementationguide-page","valueUri":"StructureDefinition-as-dr-device.html"}],"reference":{"reference":"StructureDefinition/as-dr-device"},"name":"AS Donnée Restreinte Device Profile","description":"Profil restreint applicatif créé à partir du profil générique as-device dans le contexte des données en accès restreint de l’Annuaire Santé.","exampleBoolean":false,"groupingId":"-str-profile"},{"extension":[{"url":"http://hl7.org/fhir/tools/StructureDefinition/resource-sort","valueInteger":999999999},{"url":"http://hl7.org/fhir/StructureDefinition/implementationguide-page","valueUri":"StructureDefinition-as-dr-healthcareservice-healthcare-activity.html"}],"reference":{"reference":"StructureDefinition/as-dr-healthcareservice-healthcare-activity"},"name":"AS Donnée Restreinte HealthcareService Healthcare Activity Profile","description":"Profil restreint applicatif créé à partir du profil générique as-healthcareservice-healthcare-activity dans le contexte des données en accès restreint de l'Annuaire Santé.","exampleBoolean":false,"groupingId":"-str-profile"},{"extension":[{"url":"http://hl7.org/fhir/tools/StructureDefinition/resource-sort","valueInteger":999999999},{"url":"http://hl7.org/fhir/StructureDefinition/implementationguide-page","valueUri":"StructureDefinition-as-dr-healthcareservice-social-equipment.html"}],"reference":{"reference":"StructureDefinition/as-dr-healthcareservice-social-equipment"},"name":"AS Donnée Restreinte HealthcareService Social Equipment Profile","description":"Profil restreint applicatif créé à partir du profil générique as-healthcareservice-social-equipment dans le contexte des données en accès restreint de l'Annuaire Santé.","exampleBoolean":false,"groupingId":"-str-profile"},{"extension":[{"url":"http://hl7.org/fhir/tools/StructureDefinition/resource-sort","valueInteger":999999999},{"url":"http://hl7.org/fhir/StructureDefinition/implementationguide-page","valueUri":"StructureDefinition-as-dr-organization.html"}],"reference":{"reference":"StructureDefinition/as-dr-organization"},"name":"AS Donnée Restreinte Organization Profile","description":"Profil restreint créé à partir de as-organization  dans le contexte des données en accès restreint de l’Annuaire Santé.","exampleBoolean":false,"groupingId":"-str-profile"},{"extension":[{"url":"http://hl7.org/fhir/tools/StructureDefinition/resource-sort","valueInteger":999999999},{"url":"http://hl7.org/fhir/StructureDefinition/implementationguide-page","valueUri":"StructureDefinition-as-dr-person.html"}],"reference":{"reference":"StructureDefinition/as-dr-person"},"name":"AS Donnée Restreinte Person Profile","description":"Profil restreint créé à partir de as-person dans le contexte des données en accès restreint de l’Annuaire Santé.","exampleBoolean":false,"groupingId":"-str-profile"},{"extension":[{"url":"http://hl7.org/fhir/tools/StructureDefinition/resource-sort","valueInteger":999999999},{"url":"http://hl7.org/fhir/StructureDefinition/implementationguide-page","valueUri":"StructureDefinition-as-dr-practitioner.html"}],"reference":{"reference":"StructureDefinition/as-dr-practitioner"},"name":"AS Donnée Restreinte Practitioner Profile","description":"Profil restreint créé à partir de as-practitioner dans le contexte des données en accès restreint de l’Annuaire Santé.","exampleBoolean":false,"groupingId":"-str-profile"},{"extension":[{"url":"http://hl7.org/fhir/tools/StructureDefinition/resource-sort","valueInteger":999999999},{"url":"http://hl7.org/fhir/StructureDefinition/implementationguide-page","valueUri":"StructureDefinition-as-dr-practitionerrole.html"}],"reference":{"reference":"StructureDefinition/as-dr-practitionerrole"},"name":"AS Donnée Restreinte PractitionerRole Profile","description":"Profil restreint créé à partir de as-practitionerrole dans le contexte des données en accès restreint de l’Annuaire Santé.","exampleBoolean":false,"groupingId":"-str-profile"},{"extension":[{"url":"http://hl7.org/fhir/tools/StructureDefinition/resource-sort","valueInteger":999999999},{"url":"http://hl7.org/fhir/StructureDefinition/implementationguide-page","valueUri":"StructureDefinition-as-healthcareservice-healthcare-activity.html"}],"reference":{"reference":"StructureDefinition/as-healthcareservice-healthcare-activity"},"name":"AS HealthcareService HealthCare Activity Profile","description":"Profil générique créé à partir de HealthcareService dans le contexte de l'Annuaire Santé pour décrire les activités sanitaires rattachées à un établissement FINESS.","exampleBoolean":false,"groupingId":"-str-profile"},{"extension":[{"url":"http://hl7.org/fhir/tools/StructureDefinition/resource-sort","valueInteger":999999999},{"url":"http://hl7.org/fhir/StructureDefinition/implementationguide-page","valueUri":"StructureDefinition-as-healthcareservice-social-equipment.html"}],"reference":{"reference":"StructureDefinition/as-healthcareservice-social-equipment"},"name":"AS HealthcareService Social Equipment Profile","description":"Profil générique créé à partir de HealthcareService dans le contexte de l'Annuaire Santé pour décrire les équipements sociaux représentant les activités des établissements du domaine social et médico-social enregistrés dans FINESS.","exampleBoolean":false,"groupingId":"-str-profile"},{"extension":[{"url":"http://hl7.org/fhir/tools/StructureDefinition/resource-sort","valueInteger":999999999},{"url":"http://hl7.org/fhir/StructureDefinition/implementationguide-page","valueUri":"StructureDefinition-as-location.html"}],"reference":{"reference":"StructureDefinition/as-location"},"name":"AS Location Profile","description":"Profil générique créé à partir de Location dans le contexte de l'Annuaire Santé pour prise en compte de l'adresse du professionnel au niveau du profil AsPractitionerRoleProfile.","exampleBoolean":false,"groupingId":"-str-profile"},{"extension":[{"url":"http://hl7.org/fhir/tools/StructureDefinition/resource-sort","valueInteger":999999999},{"url":"http://hl7.org/fhir/StructureDefinition/implementationguide-page","valueUri":"StructureDefinition-as-organization.html"}],"reference":{"reference":"StructureDefinition/as-organization"},"name":"AS Organization Profile","description":"Profil générique créé à partir de FrOrganization dans le contexte de l'Annuaire Santé pour décrire les organismes du domaine sanitaire, médico-social et social immatriculés dans le fichier national des établissements sanitaires et sociaux (FINESS) ou dans le Système Informatique pour le Répertoire des Entreprises et de leurs Établissements (SIRENE) dédié aux entreprises, associations et organismes du secteur public.","exampleBoolean":false,"groupingId":"-str-profile"},{"extension":[{"url":"http://hl7.org/fhir/tools/StructureDefinition/resource-sort","valueInteger":999999999},{"url":"http://hl7.org/fhir/StructureDefinition/implementationguide-page","valueUri":"StructureDefinition-as-person.html"}],"reference":{"reference":"StructureDefinition/as-person"},"name":"AS Person Profile","description":"Profil générique créé à partir de Person dans le contexte de l'Annuaire Santé pour décrire les différents concepts utilisés pour définir et caractériser un professionnel en tant que personne physique (données restreintes).","exampleBoolean":false,"groupingId":"-str-profile"},{"extension":[{"url":"http://hl7.org/fhir/tools/StructureDefinition/resource-sort","valueInteger":999999999},{"url":"http://hl7.org/fhir/StructureDefinition/implementationguide-page","valueUri":"StructureDefinition-as-practitioner.html"}],"reference":{"reference":"StructureDefinition/as-practitioner"},"name":"AS Practitioner Profile","description":"Profil générique créé à partir de FrPractitioner dans le contexte de l'Annuaire Santé pour décrire les données d'identification pérennes d’une personne physique, qui travaille en tant que professionnel (professionnel enregistré dans RPPS ou ADELI), personnel autorisé ou personnel d’établissement, dans les domaines sanitaire, médico-social et social.","exampleBoolean":false,"groupingId":"-str-profile"},{"extension":[{"url":"http://hl7.org/fhir/tools/StructureDefinition/resource-sort","valueInteger":999999999},{"url":"http://hl7.org/fhir/StructureDefinition/implementationguide-page","valueUri":"StructureDefinition-as-practitionerrole.html"}],"reference":{"reference":"StructureDefinition/as-practitionerrole"},"name":"AS PractitionerRole Profile","description":"Profil générique créé à partir de FrPractitionerRoleExercice dans le contexte de l'Annuaire Santé pour décrire la situation d'exercice du professionnel.","exampleBoolean":false,"groupingId":"-str-profile"},{"extension":[{"url":"http://hl7.org/fhir/tools/StructureDefinition/resource-sort","valueInteger":999999999},{"url":"http://hl7.org/fhir/StructureDefinition/implementationguide-page","valueUri":"StructureDefinition-as-address-extended.html"}],"reference":{"reference":"StructureDefinition/as-address-extended"},"name":"AS Address Extended Datatype Profile","description":"Datatype profile créé à partir de FrAddress dans le contexte de l'Annuaire Santé pour slicer  Address.line.","exampleBoolean":false,"groupingId":"-str-datatype"},{"extension":[{"url":"http://hl7.org/fhir/tools/StructureDefinition/resource-sort","valueInteger":999999999},{"url":"http://hl7.org/fhir/StructureDefinition/implementationguide-page","valueUri":"StructureDefinition-as-codeableconcept-timed.html"}],"reference":{"reference":"StructureDefinition/as-codeableconcept-timed"},"name":"AS CodeableConceptTimed Datatype Profile","description":"Datatype profile créé à partir CodeableConcept dans le cadre de l'Annuaire Santé pour ajouter une extension Period au type CodeableConcept.","exampleBoolean":false,"groupingId":"-str-datatype"},{"extension":[{"url":"http://hl7.org/fhir/tools/StructureDefinition/resource-sort","valueInteger":999999999},{"url":"http://hl7.org/fhir/StructureDefinition/implementationguide-page","valueUri":"StructureDefinition-as-mailbox-mss.html"}],"reference":{"reference":"StructureDefinition/as-mailbox-mss"},"name":"AS Mailbox MSS Datatype Profile","description":"Datatype profile créé à partir ContactPoint dans le cadre de l'Annuaire Santé pour décrire les boîtes aux lettres du service de messagerie sécurisée de santé (MSSanté) rattachées aux professionnels et aux structures.","exampleBoolean":false,"groupingId":"-str-datatype"},{"extension":[{"url":"http://hl7.org/fhir/tools/StructureDefinition/resource-sort","valueInteger":999999999},{"url":"http://hl7.org/fhir/StructureDefinition/implementationguide-page","valueUri":"StructureDefinition-as-ext-authorization.html"}],"reference":{"reference":"StructureDefinition/as-ext-authorization"},"name":"AS Authorization Extension","description":"Extension créée dans le cadre de l'Annuaire Santé pour décrire les autorisations des activités (HealthcareService) sanitaires, sociales, médico-sociales et d'enseignement et des équipements matériels (Device) lourds autorisés.","exampleBoolean":false,"groupingId":"-str-extension"},{"extension":[{"url":"http://hl7.org/fhir/tools/StructureDefinition/resource-sort","valueInteger":999999999},{"url":"http://hl7.org/fhir/StructureDefinition/implementationguide-page","valueUri":"StructureDefinition-as-ext-codeableconcept-timed-metadata.html"}],"reference":{"reference":"StructureDefinition/as-ext-codeableconcept-timed-metadata"},"name":"AS CodeableConceptTimed Metadata","description":"Extension contenant les métadonnées du CodeableConceptTimed.","exampleBoolean":false,"groupingId":"-str-extension"},{"extension":[{"url":"http://hl7.org/fhir/tools/StructureDefinition/resource-sort","valueInteger":999999999},{"url":"http://hl7.org/fhir/StructureDefinition/implementationguide-page","valueUri":"StructureDefinition-as-ext-data-trace.html"}],"reference":{"reference":"StructureDefinition/as-ext-data-trace"},"name":"AS Data Trace Extension","description":"Extension créée dans le cadre de l'Annuaire Santé pour tracer l'origine de la donnée (Autorité d'Enregistrement (AE) et Système d'Information (SI)). Des études complémentaires vont être initiées pour envisager l'usage de la ressource Provenance ou meta.source.","exampleBoolean":false,"groupingId":"-str-extension"},{"extension":[{"url":"http://hl7.org/fhir/tools/StructureDefinition/resource-sort","valueInteger":999999999},{"url":"http://hl7.org/fhir/StructureDefinition/implementationguide-page","valueUri":"StructureDefinition-as-ext-digital-certificate.html"}],"reference":{"reference":"StructureDefinition/as-ext-digital-certificate"},"name":"AS Digital Certificate Extension","description":"Extension créée dans le cadre de l'Annuaire Santé pour décrire les certificats utilisés par les professionnels et les structures comme moyen d'identification.","exampleBoolean":false,"groupingId":"-str-extension"},{"extension":[{"url":"http://hl7.org/fhir/tools/StructureDefinition/resource-sort","valueInteger":999999999},{"url":"http://hl7.org/fhir/StructureDefinition/implementationguide-page","valueUri":"StructureDefinition-as-ext-education-level.html"}],"reference":{"reference":"StructureDefinition/as-ext-education-level"},"name":"AS Education Level Extension","description":"Extension créée dans le cadre de l'Annuaire Santé pour décrire le niveau de formation acquis d'un étudiant.","exampleBoolean":false,"groupingId":"-str-extension"},{"extension":[{"url":"http://hl7.org/fhir/tools/StructureDefinition/resource-sort","valueInteger":999999999},{"url":"http://hl7.org/fhir/StructureDefinition/implementationguide-page","valueUri":"StructureDefinition-as-ext-installation.html"}],"reference":{"reference":"StructureDefinition/as-ext-installation"},"name":"AS Installation Extension","description":"Extension créée dans le cadre de l'Annuaire Santé pour décrire les dates d'installation des activités (HealthcareService) sanitaires, sociales, médico-sociales et d'enseignement et des équipements matériels (Device) lourds autorisés.","exampleBoolean":false,"groupingId":"-str-extension"},{"extension":[{"url":"http://hl7.org/fhir/tools/StructureDefinition/resource-sort","valueInteger":999999999},{"url":"http://hl7.org/fhir/StructureDefinition/implementationguide-page","valueUri":"StructureDefinition-as-ext-lieu-dit.html"}],"reference":{"reference":"StructureDefinition/as-ext-lieu-dit"},"name":"AS Lieu Dit Extension","description":"Extension créée dans le cadre de l'Annuaire Santé pour indiquer le lieu dit","exampleBoolean":false,"groupingId":"-str-extension"},{"extension":[{"url":"http://hl7.org/fhir/tools/StructureDefinition/resource-sort","valueInteger":999999999},{"url":"http://hl7.org/fhir/StructureDefinition/implementationguide-page","valueUri":"StructureDefinition-as-ext-mailbox-mss-metadata.html"}],"reference":{"reference":"StructureDefinition/as-ext-mailbox-mss-metadata"},"name":"AS Mailbox Metadata","description":"Extension contenant les métadonnées de la mailbox mss.","exampleBoolean":false,"groupingId":"-str-extension"},{"extension":[{"url":"http://hl7.org/fhir/tools/StructureDefinition/resource-sort","valueInteger":999999999},{"url":"http://hl7.org/fhir/StructureDefinition/implementationguide-page","valueUri":"StructureDefinition-as-ext-organization-authorization-deadline.html"}],"reference":{"reference":"StructureDefinition/as-ext-organization-authorization-deadline"},"name":"AS Organization Authorization Deadline Extension","description":"Extension créée dans le cadre de l'Annuaire Santé pour prise en compte de la caducité de l'autorisation sanitaire.","exampleBoolean":false,"groupingId":"-str-extension"},{"extension":[{"url":"http://hl7.org/fhir/tools/StructureDefinition/resource-sort","valueInteger":999999999},{"url":"http://hl7.org/fhir/StructureDefinition/implementationguide-page","valueUri":"StructureDefinition-as-ext-organization-budget-type.html"}],"reference":{"reference":"StructureDefinition/as-ext-organization-budget-type"},"name":"AS Organization Budget Type Extension","description":"Extension créée dans le cadre de l'Annuaire Santé pour prise en compte de la nature du budget alloué à la structure.","exampleBoolean":false,"groupingId":"-str-extension"},{"extension":[{"url":"http://hl7.org/fhir/tools/StructureDefinition/resource-sort","valueInteger":999999999},{"url":"http://hl7.org/fhir/StructureDefinition/implementationguide-page","valueUri":"StructureDefinition-as-ext-organization-closing-type.html"}],"reference":{"reference":"StructureDefinition/as-ext-organization-closing-type"},"name":"AS Organization Closing Type Extension","description":"Extension créée dans le cadre de l'Annuaire Santé pour prise en compte du type de fermeture de la structure.","exampleBoolean":false,"groupingId":"-str-extension"},{"extension":[{"url":"http://hl7.org/fhir/tools/StructureDefinition/resource-sort","valueInteger":999999999},{"url":"http://hl7.org/fhir/StructureDefinition/implementationguide-page","valueUri":"StructureDefinition-as-ext-organization-pharmacy-licence.html"}],"reference":{"reference":"StructureDefinition/as-ext-organization-pharmacy-licence"},"name":"AS Organization Pharmacy Licence Extension","description":"Extension créée dans le cadre de l'Annuaire Santé pour prise en compte de la licence d’exploitation d’une officine.","exampleBoolean":false,"groupingId":"-str-extension"},{"extension":[{"url":"http://hl7.org/fhir/tools/StructureDefinition/resource-sort","valueInteger":999999999},{"url":"http://hl7.org/fhir/StructureDefinition/implementationguide-page","valueUri":"StructureDefinition-as-ext-organization-pricing-model.html"}],"reference":{"reference":"StructureDefinition/as-ext-organization-pricing-model"},"name":"AS Organization Pricing Model Extension","description":"Extension créée dans le cadre de l'Annuaire Santé pour prise en compte du mode de tarification de la structure.","exampleBoolean":false,"groupingId":"-str-extension"},{"extension":[{"url":"http://hl7.org/fhir/tools/StructureDefinition/resource-sort","valueInteger":999999999},{"url":"http://hl7.org/fhir/StructureDefinition/implementationguide-page","valueUri":"StructureDefinition-as-ext-organization-types.html"}],"reference":{"reference":"StructureDefinition/as-ext-organization-types"},"name":"AS Organization Types","description":"Extension pour discriminer les organization types.","exampleBoolean":false,"groupingId":"-str-extension"},{"extension":[{"url":"http://hl7.org/fhir/tools/StructureDefinition/resource-sort","valueInteger":999999999},{"url":"http://hl7.org/fhir/StructureDefinition/implementationguide-page","valueUri":"StructureDefinition-as-ext-patient-type.html"}],"reference":{"reference":"StructureDefinition/as-ext-patient-type"},"name":"AS Patient Type Extension","description":"Extension créée dans le cadre de l'Annuaire Santé pour décrire un ensemble de personnes qui répondent à des critères leur permettant de  bénéficier de la discipline décrite.","exampleBoolean":false,"groupingId":"-str-extension"},{"extension":[{"url":"http://hl7.org/fhir/tools/StructureDefinition/resource-sort","valueInteger":999999999},{"url":"http://hl7.org/fhir/StructureDefinition/implementationguide-page","valueUri":"StructureDefinition-as-ext-person-birth-place.html"}],"reference":{"reference":"StructureDefinition/as-ext-person-birth-place"},"name":"AS Person Birth Place Extension","description":"Extension créée dans le cadre de l'Annuaire Santé pour prise en compte du lieu de naissance du professionnel en tant que personne physique.","exampleBoolean":false,"groupingId":"-str-extension"},{"extension":[{"url":"http://hl7.org/fhir/tools/StructureDefinition/resource-sort","valueInteger":999999999},{"url":"http://hl7.org/fhir/StructureDefinition/implementationguide-page","valueUri":"StructureDefinition-as-ext-person-deceased-date-time.html"}],"reference":{"reference":"StructureDefinition/as-ext-person-deceased-date-time"},"name":"AS Person Deceased Date Time Extension","description":"Extension créée dans le cadre de l'Annuaire Santé pour prise en compte de la date de décès du professionnel (Date of death of the Person if applicable).","exampleBoolean":false,"groupingId":"-str-extension"},{"extension":[{"url":"http://hl7.org/fhir/tools/StructureDefinition/resource-sort","valueInteger":999999999},{"url":"http://hl7.org/fhir/StructureDefinition/implementationguide-page","valueUri":"StructureDefinition-as-ext-person-nationality.html"}],"reference":{"reference":"StructureDefinition/as-ext-person-nationality"},"name":"AS Person Nationality Extension","description":"Extension créée dans le cadre de l'Annuaire Santé pour prise en compte de la nationalité du professionel (Person).","exampleBoolean":false,"groupingId":"-str-extension"},{"extension":[{"url":"http://hl7.org/fhir/tools/StructureDefinition/resource-sort","valueInteger":999999999},{"url":"http://hl7.org/fhir/StructureDefinition/implementationguide-page","valueUri":"StructureDefinition-as-ext-practitioner-authorization.html"}],"reference":{"reference":"StructureDefinition/as-ext-practitioner-authorization"},"name":"AS Practitioner Authorization Extension","description":"Extension créée dans le cadre de l'Annuaire Santé pour prise en compte de l'autorisation d'exercice du professionnel (AutorisationExercice).","exampleBoolean":false,"groupingId":"-str-extension"},{"extension":[{"url":"http://hl7.org/fhir/tools/StructureDefinition/resource-sort","valueInteger":999999999},{"url":"http://hl7.org/fhir/StructureDefinition/implementationguide-page","valueUri":"StructureDefinition-as-ext-practitionerrole-contracted.html"}],"reference":{"reference":"StructureDefinition/as-ext-practitionerrole-contracted"},"name":"AS PractitionerRole Contracted","description":"Extension créée dans le cadre de l'Annuaire Santé pour décrire le secteur de conventionnement du professionnel libéral auquel il a adhéré auprès de l'Assurance Maladie.","exampleBoolean":false,"groupingId":"-str-extension"},{"extension":[{"url":"http://hl7.org/fhir/tools/StructureDefinition/resource-sort","valueInteger":999999999},{"url":"http://hl7.org/fhir/StructureDefinition/implementationguide-page","valueUri":"StructureDefinition-as-ext-practitionerrole-hascas.html"}],"reference":{"reference":"StructureDefinition/as-ext-practitionerrole-hascas"},"name":"AS PractitionerRole Has CAS","description":"Extension créée dans le cadre de l'Annuaire Santé pour décrire le contrat d'accès aux soins (CAS), remplacée récemment par l'option pratique tarifaire maîtrisée (OPTAM).","exampleBoolean":false,"groupingId":"-str-extension"},{"extension":[{"url":"http://hl7.org/fhir/tools/StructureDefinition/resource-sort","valueInteger":999999999},{"url":"http://hl7.org/fhir/StructureDefinition/implementationguide-page","valueUri":"StructureDefinition-as-ext-practitionerrole-vitale-accepted.html"}],"reference":{"reference":"StructureDefinition/as-ext-practitionerrole-vitale-accepted"},"name":"AS PractitionerRole Vitale Accepted","description":"Extension créée dans le cadre de l'Annuaire Santé pour décrire l’indicateur Carte Vitale acceptée (oui/non).","exampleBoolean":false,"groupingId":"-str-extension"},{"extension":[{"url":"http://hl7.org/fhir/tools/StructureDefinition/resource-sort","valueInteger":999999999},{"url":"http://hl7.org/fhir/StructureDefinition/implementationguide-page","valueUri":"StructureDefinition-as-ext-registration.html"}],"reference":{"reference":"StructureDefinition/as-ext-registration"},"name":"AS Registration Extension","description":"Extension créée dans le cadre de l'Annuaire Santé pour prise en compte de la première inscription si \"isFirst = true\". Ces données sont uniquement accessibles en accès restreint.","exampleBoolean":false,"groupingId":"-str-extension"},{"extension":[{"url":"http://hl7.org/fhir/tools/StructureDefinition/resource-sort","valueInteger":999999999},{"url":"http://hl7.org/fhir/StructureDefinition/implementationguide-page","valueUri":"StructureDefinition-as-ext-smartcard.html"}],"reference":{"reference":"StructureDefinition/as-ext-smartcard"},"name":"AS Smart Card Extension","description":"Extension créée dans le cadre de l'Annuaire Santé pour décrire les informations de la carte CPx utilisée comme moyen d’identification des personnes physiques.","exampleBoolean":false,"groupingId":"-str-extension"},{"extension":[{"url":"http://hl7.org/fhir/tools/StructureDefinition/resource-sort","valueInteger":999999999},{"url":"http://hl7.org/fhir/StructureDefinition/implementationguide-page","valueUri":"StructureDefinition-as-ext-supported-capacity.html"}],"reference":{"reference":"StructureDefinition/as-ext-supported-capacity"},"name":"AS Supported Capacity Extension","description":"Extension créée dans le cadre de l'Annuaire Santé pour indiquer le nombre de personnes pouvant être accueillies en même temps et les capacités d'hébergement.","exampleBoolean":false,"groupingId":"-str-extension"},{"extension":[{"url":"http://hl7.org/fhir/tools/StructureDefinition/resource-sort","valueInteger":999999999},{"url":"http://hl7.org/fhir/StructureDefinition/implementationguide-page","valueUri":"ValueSet-as-vs-intern-id-systems.html"}],"reference":{"reference":"ValueSet/as-vs-intern-id-systems"},"name":"AS ValueSet Internal Identifier Systems","description":"ValueSet contenant les identifiants internes","exampleBoolean":false,"groupingId":"-term-valueset"},{"extension":[{"url":"http://hl7.org/fhir/tools/StructureDefinition/resource-sort","valueInteger":999999999},{"url":"http://hl7.org/fhir/StructureDefinition/implementationguide-page","valueUri":"ValueSet-as-vs-organization-types.html"}],"reference":{"reference":"ValueSet/as-vs-organization-types"},"name":"AS ValueSet OrganizationTypes","description":"ValueSet définissant les types d'organisation","exampleBoolean":false,"groupingId":"-term-valueset"},{"extension":[{"url":"http://hl7.org/fhir/tools/StructureDefinition/resource-sort","valueInteger":999999999},{"url":"http://hl7.org/fhir/StructureDefinition/implementationguide-page","valueUri":"ValueSet-as-vs-type-systeme-information.html"}],"reference":{"reference":"ValueSet/as-vs-type-systeme-information"},"name":"AS ValueSet type de système d'information","description":"ValueSet définissant les types de systèmes d'information pouvant alimenter l'annuaire santé.","exampleBoolean":false,"groupingId":"-term-valueset"},{"extension":[{"url":"http://hl7.org/fhir/tools/StructureDefinition/resource-sort","valueInteger":999999999},{"url":"http://hl7.org/fhir/StructureDefinition/implementationguide-page","valueUri":"ValueSet-VS-TRE-R286-TypeFermeture.html"}],"reference":{"reference":"ValueSet/VS-TRE-R286-TypeFermeture"},"name":"ValueSet pour l'ensemble des codes concepts de la TRE avec l'url : https://mos.esante.gouv.fr/NOS/TRE_R286-TypeFermeture/FHIR/TRE-R286-TypeFermeture","description":"JDV des NOS contenant l'ensemble des codes concepts de la TRE avec l'url : https://mos.esante.gouv.fr/NOS/TRE_R286-TypeFermeture/FHIR/TRE-R286-TypeFermeture","exampleBoolean":false,"groupingId":"-term-valueset"},{"extension":[{"url":"http://hl7.org/fhir/tools/StructureDefinition/resource-sort","valueInteger":999999999},{"url":"http://hl7.org/fhir/StructureDefinition/implementationguide-page","valueUri":"ValueSet-VS-TRE-R301-SourceInformationInstallation.html"}],"reference":{"reference":"ValueSet/VS-TRE-R301-SourceInformationInstallation"},"name":"ValueSet pour l'ensemble des codes concepts de la TRE avec l'url : https://mos.esante.gouv.fr/NOS/TRE_R301-SourceInformationInstallation/FHIR/TRE-R301-SourceInformationInstallation","description":"JDV des NOS contenant l'ensemble des codes concepts de la TRE avec l'url : https://mos.esante.gouv.fr/NOS/TRE_R301-SourceInformationInstallation/FHIR/TRE-R301-SourceInformationInstallation","exampleBoolean":false,"groupingId":"-term-valueset"},{"extension":[{"url":"http://hl7.org/fhir/tools/StructureDefinition/resource-sort","valueInteger":999999999},{"url":"http://hl7.org/fhir/StructureDefinition/implementationguide-page","valueUri":"ValueSet-VS-TRE-R74-ModeFixationTarifaire.html"}],"reference":{"reference":"ValueSet/VS-TRE-R74-ModeFixationTarifaire"},"name":"ValueSet pour l'ensemble des codes concepts de la TRE avec l'url : https://mos.esante.gouv.fr/NOS/TRE_R74-ModeFixationTarifaire/FHIR/TRE-R74-ModeFixationTarifaire","description":"JDV des NOS contenant l'ensemble des codes concepts de la TRE avec l'url : https://mos.esante.gouv.fr/NOS/TRE_R74-ModeFixationTarifaire/FHIR/TRE-R74-ModeFixationTarifaire","exampleBoolean":false,"groupingId":"-term-valueset"},{"extension":[{"url":"http://hl7.org/fhir/tools/StructureDefinition/resource-sort","valueInteger":999999999},{"url":"http://hl7.org/fhir/StructureDefinition/implementationguide-page","valueUri":"CodeSystem-as-cs-intern-id-systems.html"}],"reference":{"reference":"CodeSystem/as-cs-intern-id-systems"},"name":"AS CodeSystem Internal Identifier Systems","description":"CodeSystem contenant les identifiants locaux","exampleBoolean":false,"groupingId":"-term-codesystem"},{"extension":[{"url":"http://hl7.org/fhir/tools/StructureDefinition/resource-sort","valueInteger":999999999},{"url":"http://hl7.org/fhir/StructureDefinition/implementationguide-page","valueUri":"CodeSystem-as-cs-organization-types.html"}],"reference":{"reference":"CodeSystem/as-cs-organization-types"},"name":"AS CodeSystem OrganizationTypes","description":"CodeSystem définissant les types d'organisation","exampleBoolean":false,"groupingId":"-term-codesystem"},{"extension":[{"url":"http://hl7.org/fhir/tools/StructureDefinition/resource-sort","valueInteger":999999999},{"url":"http://hl7.org/fhir/StructureDefinition/implementationguide-page","valueUri":"CodeSystem-as-cs-type-systeme-information.html"}],"reference":{"reference":"CodeSystem/as-cs-type-systeme-information"},"name":"AS CodeSystem type de système d'information","description":"CodeSystem définissant les types de systèmes d'information pouvant alimenter l'annuaire santé.","exampleBoolean":false,"groupingId":"-term-codesystem"},{"extension":[{"url":"http://hl7.org/fhir/tools/StructureDefinition/resource-sort","valueInteger":999999999},{"url":"http://hl7.org/fhir/StructureDefinition/implementationguide-page","valueUri":"Organization-example-organization-fictive.html"}],"reference":{"reference":"Organization/example-organization-fictive"},"name":"example-organization-fictive","exampleCanonical":"https://interop.esante.gouv.fr/ig/fhir/annuaire/StructureDefinition/as-organization","groupingId":"-ex-example"},{"extension":[{"url":"http://hl7.org/fhir/tools/StructureDefinition/resource-sort","valueInteger":999999999},{"url":"http://hl7.org/fhir/StructureDefinition/implementationguide-page","valueUri":"Organization-example-organization-nancy.html"}],"reference":{"reference":"Organization/example-organization-nancy"},"name":"example-organization-nancy","exampleCanonical":"https://interop.esante.gouv.fr/ig/fhir/annuaire/StructureDefinition/as-organization","groupingId":"-ex-example"},{"extension":[{"url":"http://hl7.org/fhir/tools/StructureDefinition/resource-sort","valueInteger":999999999},{"url":"http://hl7.org/fhir/StructureDefinition/implementationguide-page","valueUri":"Organization-481677DP.html"}],"reference":{"reference":"Organization/481677DP"},"name":"pp16dp-organization","exampleCanonical":"https://interop.esante.gouv.fr/ig/fhir/annuaire/StructureDefinition/as-dp-organization","groupingId":"-ex-example"},{"extension":[{"url":"http://hl7.org/fhir/tools/StructureDefinition/resource-sort","valueInteger":999999999},{"url":"http://hl7.org/fhir/StructureDefinition/implementationguide-page","valueUri":"Practitioner-3719500DP.html"}],"reference":{"reference":"Practitioner/3719500DP"},"name":"pp16dp-practitioner","exampleCanonical":"https://interop.esante.gouv.fr/ig/fhir/annuaire/StructureDefinition/as-dp-practitioner","groupingId":"-ex-example"},{"extension":[{"url":"http://hl7.org/fhir/tools/StructureDefinition/resource-sort","valueInteger":999999999},{"url":"http://hl7.org/fhir/StructureDefinition/implementationguide-page","valueUri":"PractitionerRole-5015602DP.html"}],"reference":{"reference":"PractitionerRole/5015602DP"},"name":"pp16dp-practitioner-role","exampleCanonical":"https://interop.esante.gouv.fr/ig/fhir/annuaire/StructureDefinition/as-dp-practitionerrole","groupingId":"-ex-example"},{"extension":[{"url":"http://hl7.org/fhir/tools/StructureDefinition/resource-sort","valueInteger":999999999},{"url":"http://hl7.org/fhir/StructureDefinition/implementationguide-page","valueUri":"Organization-481677.html"}],"reference":{"reference":"Organization/481677"},"name":"pp16dr-organization","exampleCanonical":"https://interop.esante.gouv.fr/ig/fhir/annuaire/StructureDefinition/as-dr-organization","groupingId":"-ex-example"},{"extension":[{"url":"http://hl7.org/fhir/tools/StructureDefinition/resource-sort","valueInteger":999999999},{"url":"http://hl7.org/fhir/StructureDefinition/implementationguide-page","valueUri":"Person-pp16dr-person.html"}],"reference":{"reference":"Person/pp16dr-person"},"name":"pp16dr-person","exampleCanonical":"https://interop.esante.gouv.fr/ig/fhir/annuaire/StructureDefinition/as-dr-person","groupingId":"-ex-example"},{"extension":[{"url":"http://hl7.org/fhir/tools/StructureDefinition/resource-sort","valueInteger":999999999},{"url":"http://hl7.org/fhir/StructureDefinition/implementationguide-page","valueUri":"Practitioner-3719500.html"}],"reference":{"reference":"Practitioner/3719500"},"name":"pp16dr-practitioner","exampleCanonical":"https://interop.esante.gouv.fr/ig/fhir/annuaire/StructureDefinition/as-dr-practitioner","groupingId":"-ex-example"},{"extension":[{"url":"http://hl7.org/fhir/tools/StructureDefinition/resource-sort","valueInteger":999999999},{"url":"http://hl7.org/fhir/StructureDefinition/implementationguide-page","valueUri":"PractitionerRole-5015602.html"}],"reference":{"reference":"PractitionerRole/5015602"},"name":"pp16dr-practitioner-role","exampleCanonical":"https://interop.esante.gouv.fr/ig/fhir/annuaire/StructureDefinition/as-dr-practitionerrole","groupingId":"-ex-example"},{"extension":[{"url":"http://hl7.org/fhir/tools/StructureDefinition/resource-sort","valueInteger":999999999},{"url":"http://hl7.org/fhir/StructureDefinition/implementationguide-page","valueUri":"Organization-158480DP.html"}],"reference":{"reference":"Organization/158480DP"},"name":"pp19dp-organization-eg-cab","exampleCanonical":"https://interop.esante.gouv.fr/ig/fhir/annuaire/StructureDefinition/as-dp-organization","groupingId":"-ex-example"},{"extension":[{"url":"http://hl7.org/fhir/tools/StructureDefinition/resource-sort","valueInteger":999999999},{"url":"http://hl7.org/fhir/StructureDefinition/implementationguide-page","valueUri":"Organization-548812DP.html"}],"reference":{"reference":"Organization/548812DP"},"name":"pp19dp-organization-ej-cab","exampleCanonical":"https://interop.esante.gouv.fr/ig/fhir/annuaire/StructureDefinition/as-dp-organization","groupingId":"-ex-example"},{"extension":[{"url":"http://hl7.org/fhir/tools/StructureDefinition/resource-sort","valueInteger":999999999},{"url":"http://hl7.org/fhir/StructureDefinition/implementationguide-page","valueUri":"Practitioner-334081DP.html"}],"reference":{"reference":"Practitioner/334081DP"},"name":"pp19dp-practitioner","exampleCanonical":"https://interop.esante.gouv.fr/ig/fhir/annuaire/StructureDefinition/as-dp-practitioner","groupingId":"-ex-example"},{"extension":[{"url":"http://hl7.org/fhir/tools/StructureDefinition/resource-sort","valueInteger":999999999},{"url":"http://hl7.org/fhir/StructureDefinition/implementationguide-page","valueUri":"PractitionerRole-1738459DP.html"}],"reference":{"reference":"PractitionerRole/1738459DP"},"name":"pp19dp-practitioner-role-lib","exampleCanonical":"https://interop.esante.gouv.fr/ig/fhir/annuaire/StructureDefinition/as-dp-practitionerrole","groupingId":"-ex-example"},{"extension":[{"url":"http://hl7.org/fhir/tools/StructureDefinition/resource-sort","valueInteger":999999999},{"url":"http://hl7.org/fhir/StructureDefinition/implementationguide-page","valueUri":"PractitionerRole-1578230DP.html"}],"reference":{"reference":"PractitionerRole/1578230DP"},"name":"pp19dp-practitioner-role-sal","exampleCanonical":"https://interop.esante.gouv.fr/ig/fhir/annuaire/StructureDefinition/as-dp-practitionerrole","groupingId":"-ex-example"},{"extension":[{"url":"http://hl7.org/fhir/tools/StructureDefinition/resource-sort","valueInteger":999999999},{"url":"http://hl7.org/fhir/StructureDefinition/implementationguide-page","valueUri":"Organization-158480.html"}],"reference":{"reference":"Organization/158480"},"name":"pp19dr-organization-eg-cab","exampleCanonical":"https://interop.esante.gouv.fr/ig/fhir/annuaire/StructureDefinition/as-dr-organization","groupingId":"-ex-example"},{"extension":[{"url":"http://hl7.org/fhir/tools/StructureDefinition/resource-sort","valueInteger":999999999},{"url":"http://hl7.org/fhir/StructureDefinition/implementationguide-page","valueUri":"Organization-548812.html"}],"reference":{"reference":"Organization/548812"},"name":"pp19dr-organization-ej-cab","exampleCanonical":"https://interop.esante.gouv.fr/ig/fhir/annuaire/StructureDefinition/as-dr-organization","groupingId":"-ex-example"},{"extension":[{"url":"http://hl7.org/fhir/tools/StructureDefinition/resource-sort","valueInteger":999999999},{"url":"http://hl7.org/fhir/StructureDefinition/implementationguide-page","valueUri":"Person-pp19dr-person.html"}],"reference":{"reference":"Person/pp19dr-person"},"name":"pp19dr-person","exampleCanonical":"https://interop.esante.gouv.fr/ig/fhir/annuaire/StructureDefinition/as-dr-person","groupingId":"-ex-example"},{"extension":[{"url":"http://hl7.org/fhir/tools/StructureDefinition/resource-sort","valueInteger":999999999},{"url":"http://hl7.org/fhir/StructureDefinition/implementationguide-page","valueUri":"Practitioner-334081.html"}],"reference":{"reference":"Practitioner/334081"},"name":"pp19dr-practitioner","exampleCanonical":"https://interop.esante.gouv.fr/ig/fhir/annuaire/StructureDefinition/as-dr-practitioner","groupingId":"-ex-example"},{"extension":[{"url":"http://hl7.org/fhir/tools/StructureDefinition/resource-sort","valueInteger":999999999},{"url":"http://hl7.org/fhir/StructureDefinition/implementationguide-page","valueUri":"PractitionerRole-1738459.html"}],"reference":{"reference":"PractitionerRole/1738459"},"name":"pp19dr-practitioner-role-lib","exampleCanonical":"https://interop.esante.gouv.fr/ig/fhir/annuaire/StructureDefinition/as-dr-practitionerrole","groupingId":"-ex-example"},{"extension":[{"url":"http://hl7.org/fhir/tools/StructureDefinition/resource-sort","valueInteger":999999999},{"url":"http://hl7.org/fhir/StructureDefinition/implementationguide-page","valueUri":"PractitionerRole-1578230.html"}],"reference":{"reference":"PractitionerRole/1578230"},"name":"pp19dr-practitioner-role-sal","exampleCanonical":"https://interop.esante.gouv.fr/ig/fhir/annuaire/StructureDefinition/as-dr-practitionerrole","groupingId":"-ex-example"}],"page":{"extension":[{"url":"http://hl7.org/fhir/tools/StructureDefinition/ig-page-name","valueUrl":"toc.html"}],"nameUrl":"toc.html","title":"Table of Contents","generation":"html","page":[{"extension":[{"url":"http://hl7.org/fhir/tools/StructureDefinition/ig-page-name","valueUrl":"index.html"}],"nameUrl":"index.html","title":"Accueil","generation":"markdown"},{"extension":[{"url":"http://hl7.org/fhir/tools/StructureDefinition/ig-page-name","valueUrl":"liste_profils.html"}],"nameUrl":"liste_profils.html","title":"Liste des profils par permission","generation":"markdown"},{"extension":[{"url":"http://hl7.org/fhir/tools/StructureDefinition/ig-page-name","valueUrl":"downloads.html"}],"nameUrl":"downloads.html","title":"Téléchargement du guide","generation":"markdown"},{"extension":[{"url":"http://hl7.org/fhir/tools/StructureDefinition/ig-page-name","valueUrl":"artifacts.html"}],"nameUrl":"artifacts.html","title":"Artifacts Summary","generation":"html","page":[{"extension":[{"url":"http://hl7.org/fhir/tools/StructureDefinition/ig-page-name","valueUrl":"CapabilityStatement-AsServerCapabilityStatement.html"}],"nameUrl":"CapabilityStatement-AsServerCapabilityStatement.html","title":"AsServerCapabilityStatement","generation":"generated"},{"extension":[{"url":"http://hl7.org/fhir/tools/StructureDefinition/ig-page-name","valueUrl":"SearchParameter-as-sp-data-information-system.html"}],"nameUrl":"SearchParameter-as-sp-data-information-system.html","title":"as-sp-data-information-system","generation":"generated"},{"extension":[{"url":"http://hl7.org/fhir/tools/StructureDefinition/ig-page-name","valueUrl":"SearchParameter-as-sp-data-registration-authority.html"}],"nameUrl":"SearchParameter-as-sp-data-registration-authority.html","title":"as-sp-data-registration-authority","generation":"generated"},{"extension":[{"url":"http://hl7.org/fhir/tools/StructureDefinition/ig-page-name","valueUrl":"SearchParameter-as-sp-insee-code.html"}],"nameUrl":"SearchParameter-as-sp-insee-code.html","title":"as-sp-insee-code","generation":"generated"},{"extension":[{"url":"http://hl7.org/fhir/tools/StructureDefinition/ig-page-name","valueUrl":"SearchParameter-as-sp-mailbox-mss.html"}],"nameUrl":"SearchParameter-as-sp-mailbox-mss.html","title":"as-sp-mailbox-mss","generation":"generated"},{"extension":[{"url":"http://hl7.org/fhir/tools/StructureDefinition/ig-page-name","valueUrl":"SearchParameter-as-sp-number-smartcard.html"}],"nameUrl":"SearchParameter-as-sp-number-smartcard.html","title":"as-sp-number-smartcard","generation":"generated"},{"extension":[{"url":"http://hl7.org/fhir/tools/StructureDefinition/ig-page-name","valueUrl":"SearchParameter-as-sp-pharmacy-licence.html"}],"nameUrl":"SearchParameter-as-sp-pharmacy-licence.html","title":"as-sp-pharmacy-licence","generation":"generated"},{"extension":[{"url":"http://hl7.org/fhir/tools/StructureDefinition/ig-page-name","valueUrl":"SearchParameter-as-sp-qualification-code.html"}],"nameUrl":"SearchParameter-as-sp-qualification-code.html","title":"as-sp-qualification-code","generation":"generated"},{"extension":[{"url":"http://hl7.org/fhir/tools/StructureDefinition/ig-page-name","valueUrl":"SearchParameter-as-sp-type-smartcard.html"}],"nameUrl":"SearchParameter-as-sp-type-smartcard.html","title":"as-sp-type-smartcard","generation":"generated"},{"extension":[{"url":"http://hl7.org/fhir/tools/StructureDefinition/ig-page-name","valueUrl":"StructureDefinition-as-device.html"}],"nameUrl":"StructureDefinition-as-device.html","title":"AS Device Profile","generation":"generated"},{"extension":[{"url":"http://hl7.org/fhir/tools/StructureDefinition/ig-page-name","valueUrl":"StructureDefinition-as-dp-device.html"}],"nameUrl":"StructureDefinition-as-dp-device.html","title":"AS Donnée Publique Device Profile","generation":"generated"},{"extension":[{"url":"http://hl7.org/fhir/tools/StructureDefinition/ig-page-name","valueUrl":"StructureDefinition-as-dp-healthcareservice-healthcare-activity.html"}],"nameUrl":"StructureDefinition-as-dp-healthcareservice-healthcare-activity.html","title":"AS Donnée Publique HealthcareService Healthcare Activity Profile","generation":"generated"},{"extension":[{"url":"http://hl7.org/fhir/tools/StructureDefinition/ig-page-name","valueUrl":"StructureDefinition-as-dp-healthcareservice-social-equipment.html"}],"nameUrl":"StructureDefinition-as-dp-healthcareservice-social-equipment.html","title":"AS Donnée Publique HealthcareService Social Equipment Profile","generation":"generated"},{"extension":[{"url":"http://hl7.org/fhir/tools/StructureDefinition/ig-page-name","valueUrl":"StructureDefinition-as-dp-organization.html"}],"nameUrl":"StructureDefinition-as-dp-organization.html","title":"AS Donnée Publique Organization Profile","generation":"generated"},{"extension":[{"url":"http://hl7.org/fhir/tools/StructureDefinition/ig-page-name","valueUrl":"StructureDefinition-as-dp-practitioner.html"}],"nameUrl":"StructureDefinition-as-dp-practitioner.html","title":"AS Donnée Publique Practitioner Profile","generation":"generated"},{"extension":[{"url":"http://hl7.org/fhir/tools/StructureDefinition/ig-page-name","valueUrl":"StructureDefinition-as-dp-practitionerrole.html"}],"nameUrl":"StructureDefinition-as-dp-practitionerrole.html","title":"AS Donnée Publique PractitionerRole Profile","generation":"generated"},{"extension":[{"url":"http://hl7.org/fhir/tools/StructureDefinition/ig-page-name","valueUrl":"StructureDefinition-as-dr-device.html"}],"nameUrl":"StructureDefinition-as-dr-device.html","title":"AS Donnée Restreinte Device Profile","generation":"generated"},{"extension":[{"url":"http://hl7.org/fhir/tools/StructureDefinition/ig-page-name","valueUrl":"StructureDefinition-as-dr-healthcareservice-healthcare-activity.html"}],"nameUrl":"StructureDefinition-as-dr-healthcareservice-healthcare-activity.html","title":"AS Donnée Restreinte HealthcareService Healthcare Activity Profile","generation":"generated"},{"extension":[{"url":"http://hl7.org/fhir/tools/StructureDefinition/ig-page-name","valueUrl":"StructureDefinition-as-dr-healthcareservice-social-equipment.html"}],"nameUrl":"StructureDefinition-as-dr-healthcareservice-social-equipment.html","title":"AS Donnée Restreinte HealthcareService Social Equipment Profile","generation":"generated"},{"extension":[{"url":"http://hl7.org/fhir/tools/StructureDefinition/ig-page-name","valueUrl":"StructureDefinition-as-dr-organization.html"}],"nameUrl":"StructureDefinition-as-dr-organization.html","title":"AS Donnée Restreinte Organization Profile","generation":"generated"},{"extension":[{"url":"http://hl7.org/fhir/tools/StructureDefinition/ig-page-name","valueUrl":"StructureDefinition-as-dr-person.html"}],"nameUrl":"StructureDefinition-as-dr-person.html","title":"AS Donnée Restreinte Person Profile","generation":"generated"},{"extension":[{"url":"http://hl7.org/fhir/tools/StructureDefinition/ig-page-name","valueUrl":"StructureDefinition-as-dr-practitioner.html"}],"nameUrl":"StructureDefinition-as-dr-practitioner.html","title":"AS Donnée Restreinte Practitioner Profile","generation":"generated"},{"extension":[{"url":"http://hl7.org/fhir/tools/StructureDefinition/ig-page-name","valueUrl":"StructureDefinition-as-dr-practitionerrole.html"}],"nameUrl":"StructureDefinition-as-dr-practitionerrole.html","title":"AS Donnée Restreinte PractitionerRole Profile","generation":"generated"},{"extension":[{"url":"http://hl7.org/fhir/tools/StructureDefinition/ig-page-name","valueUrl":"StructureDefinition-as-healthcareservice-healthcare-activity.html"}],"nameUrl":"StructureDefinition-as-healthcareservice-healthcare-activity.html","title":"AS HealthcareService HealthCare Activity Profile","generation":"generated"},{"extension":[{"url":"http://hl7.org/fhir/tools/StructureDefinition/ig-page-name","valueUrl":"StructureDefinition-as-healthcareservice-social-equipment.html"}],"nameUrl":"StructureDefinition-as-healthcareservice-social-equipment.html","title":"AS HealthcareService Social Equipment Profile","generation":"generated"},{"extension":[{"url":"http://hl7.org/fhir/tools/StructureDefinition/ig-page-name","valueUrl":"StructureDefinition-as-location.html"}],"nameUrl":"StructureDefinition-as-location.html","title":"AS Location Profile","generation":"generated"},{"extension":[{"url":"http://hl7.org/fhir/tools/StructureDefinition/ig-page-name","valueUrl":"StructureDefinition-as-organization.html"}],"nameUrl":"StructureDefinition-as-organization.html","title":"AS Organization Profile","generation":"generated"},{"extension":[{"url":"http://hl7.org/fhir/tools/StructureDefinition/ig-page-name","valueUrl":"StructureDefinition-as-person.html"}],"nameUrl":"StructureDefinition-as-person.html","title":"AS Person Profile","generation":"generated"},{"extension":[{"url":"http://hl7.org/fhir/tools/StructureDefinition/ig-page-name","valueUrl":"StructureDefinition-as-practitioner.html"}],"nameUrl":"StructureDefinition-as-practitioner.html","title":"AS Practitioner Profile","generation":"generated"},{"extension":[{"url":"http://hl7.org/fhir/tools/StructureDefinition/ig-page-name","valueUrl":"StructureDefinition-as-practitionerrole.html"}],"nameUrl":"StructureDefinition-as-practitionerrole.html","title":"AS PractitionerRole Profile","generation":"generated"},{"extension":[{"url":"http://hl7.org/fhir/tools/StructureDefinition/ig-page-name","valueUrl":"StructureDefinition-as-address-extended.html"}],"nameUrl":"StructureDefinition-as-address-extended.html","title":"AS Address Extended Datatype Profile","generation":"generated"},{"extension":[{"url":"http://hl7.org/fhir/tools/StructureDefinition/ig-page-name","valueUrl":"StructureDefinition-as-codeableconcept-timed.html"}],"nameUrl":"StructureDefinition-as-codeableconcept-timed.html","title":"AS CodeableConceptTimed Datatype Profile","generation":"generated"},{"extension":[{"url":"http://hl7.org/fhir/tools/StructureDefinition/ig-page-name","valueUrl":"StructureDefinition-as-mailbox-mss.html"}],"nameUrl":"StructureDefinition-as-mailbox-mss.html","title":"AS Mailbox MSS Datatype Profile","generation":"generated"},{"extension":[{"url":"http://hl7.org/fhir/tools/StructureDefinition/ig-page-name","valueUrl":"StructureDefinition-as-ext-authorization.html"}],"nameUrl":"StructureDefinition-as-ext-authorization.html","title":"AS Authorization Extension","generation":"generated"},{"extension":[{"url":"http://hl7.org/fhir/tools/StructureDefinition/ig-page-name","valueUrl":"StructureDefinition-as-ext-codeableconcept-timed-metadata.html"}],"nameUrl":"StructureDefinition-as-ext-codeableconcept-timed-metadata.html","title":"AS CodeableConceptTimed Metadata","generation":"generated"},{"extension":[{"url":"http://hl7.org/fhir/tools/StructureDefinition/ig-page-name","valueUrl":"StructureDefinition-as-ext-data-trace.html"}],"nameUrl":"StructureDefinition-as-ext-data-trace.html","title":"AS Data Trace Extension","generation":"generated"},{"extension":[{"url":"http://hl7.org/fhir/tools/StructureDefinition/ig-page-name","valueUrl":"StructureDefinition-as-ext-digital-certificate.html"}],"nameUrl":"StructureDefinition-as-ext-digital-certificate.html","title":"AS Digital Certificate Extension","generation":"generated"},{"extension":[{"url":"http://hl7.org/fhir/tools/StructureDefinition/ig-page-name","valueUrl":"StructureDefinition-as-ext-education-level.html"}],"nameUrl":"StructureDefinition-as-ext-education-level.html","title":"AS Education Level Extension","generation":"generated"},{"extension":[{"url":"http://hl7.org/fhir/tools/StructureDefinition/ig-page-name","valueUrl":"StructureDefinition-as-ext-installation.html"}],"nameUrl":"StructureDefinition-as-ext-installation.html","title":"AS Installation Extension","generation":"generated"},{"extension":[{"url":"http://hl7.org/fhir/tools/StructureDefinition/ig-page-name","valueUrl":"StructureDefinition-as-ext-lieu-dit.html"}],"nameUrl":"StructureDefinition-as-ext-lieu-dit.html","title":"AS Lieu Dit Extension","generation":"generated"},{"extension":[{"url":"http://hl7.org/fhir/tools/StructureDefinition/ig-page-name","valueUrl":"StructureDefinition-as-ext-mailbox-mss-metadata.html"}],"nameUrl":"StructureDefinition-as-ext-mailbox-mss-metadata.html","title":"AS Mailbox Metadata","generation":"generated"},{"extension":[{"url":"http://hl7.org/fhir/tools/StructureDefinition/ig-page-name","valueUrl":"StructureDefinition-as-ext-organization-authorization-deadline.html"}],"nameUrl":"StructureDefinition-as-ext-organization-authorization-deadline.html","title":"AS Organization Authorization Deadline Extension","generation":"generated"},{"extension":[{"url":"http://hl7.org/fhir/tools/StructureDefinition/ig-page-name","valueUrl":"StructureDefinition-as-ext-organization-budget-type.html"}],"nameUrl":"StructureDefinition-as-ext-organization-budget-type.html","title":"AS Organization Budget Type Extension","generation":"generated"},{"extension":[{"url":"http://hl7.org/fhir/tools/StructureDefinition/ig-page-name","valueUrl":"StructureDefinition-as-ext-organization-closing-type.html"}],"nameUrl":"StructureDefinition-as-ext-organization-closing-type.html","title":"AS Organization Closing Type Extension","generation":"generated"},{"extension":[{"url":"http://hl7.org/fhir/tools/StructureDefinition/ig-page-name","valueUrl":"StructureDefinition-as-ext-organization-pharmacy-licence.html"}],"nameUrl":"StructureDefinition-as-ext-organization-pharmacy-licence.html","title":"AS Organization Pharmacy Licence Extension","generation":"generated"},{"extension":[{"url":"http://hl7.org/fhir/tools/StructureDefinition/ig-page-name","valueUrl":"StructureDefinition-as-ext-organization-pricing-model.html"}],"nameUrl":"StructureDefinition-as-ext-organization-pricing-model.html","title":"AS Organization Pricing Model Extension","generation":"generated"},{"extension":[{"url":"http://hl7.org/fhir/tools/StructureDefinition/ig-page-name","valueUrl":"StructureDefinition-as-ext-organization-types.html"}],"nameUrl":"StructureDefinition-as-ext-organization-types.html","title":"AS Organization Types","generation":"generated"},{"extension":[{"url":"http://hl7.org/fhir/tools/StructureDefinition/ig-page-name","valueUrl":"StructureDefinition-as-ext-patient-type.html"}],"nameUrl":"StructureDefinition-as-ext-patient-type.html","title":"AS Patient Type Extension","generation":"generated"},{"extension":[{"url":"http://hl7.org/fhir/tools/StructureDefinition/ig-page-name","valueUrl":"StructureDefinition-as-ext-person-birth-place.html"}],"nameUrl":"StructureDefinition-as-ext-person-birth-place.html","title":"AS Person Birth Place Extension","generation":"generated"},{"extension":[{"url":"http://hl7.org/fhir/tools/StructureDefinition/ig-page-name","valueUrl":"StructureDefinition-as-ext-person-deceased-date-time.html"}],"nameUrl":"StructureDefinition-as-ext-person-deceased-date-time.html","title":"AS Person Deceased Date Time Extension","generation":"generated"},{"extension":[{"url":"http://hl7.org/fhir/tools/StructureDefinition/ig-page-name","valueUrl":"StructureDefinition-as-ext-person-nationality.html"}],"nameUrl":"StructureDefinition-as-ext-person-nationality.html","title":"AS Person Nationality Extension","generation":"generated"},{"extension":[{"url":"http://hl7.org/fhir/tools/StructureDefinition/ig-page-name","valueUrl":"StructureDefinition-as-ext-practitioner-authorization.html"}],"nameUrl":"StructureDefinition-as-ext-practitioner-authorization.html","title":"AS Practitioner Authorization Extension","generation":"generated"},{"extension":[{"url":"http://hl7.org/fhir/tools/StructureDefinition/ig-page-name","valueUrl":"StructureDefinition-as-ext-practitionerrole-contracted.html"}],"nameUrl":"StructureDefinition-as-ext-practitionerrole-contracted.html","title":"AS PractitionerRole Contracted","generation":"generated"},{"extension":[{"url":"http://hl7.org/fhir/tools/StructureDefinition/ig-page-name","valueUrl":"StructureDefinition-as-ext-practitionerrole-hascas.html"}],"nameUrl":"StructureDefinition-as-ext-practitionerrole-hascas.html","title":"AS PractitionerRole Has CAS","generation":"generated"},{"extension":[{"url":"http://hl7.org/fhir/tools/StructureDefinition/ig-page-name","valueUrl":"StructureDefinition-as-ext-practitionerrole-vitale-accepted.html"}],"nameUrl":"StructureDefinition-as-ext-practitionerrole-vitale-accepted.html","title":"AS PractitionerRole Vitale Accepted","generation":"generated"},{"extension":[{"url":"http://hl7.org/fhir/tools/StructureDefinition/ig-page-name","valueUrl":"StructureDefinition-as-ext-registration.html"}],"nameUrl":"StructureDefinition-as-ext-registration.html","title":"AS Registration Extension","generation":"generated"},{"extension":[{"url":"http://hl7.org/fhir/tools/StructureDefinition/ig-page-name","valueUrl":"StructureDefinition-as-ext-smartcard.html"}],"nameUrl":"StructureDefinition-as-ext-smartcard.html","title":"AS Smart Card Extension","generation":"generated"},{"extension":[{"url":"http://hl7.org/fhir/tools/StructureDefinition/ig-page-name","valueUrl":"StructureDefinition-as-ext-supported-capacity.html"}],"nameUrl":"StructureDefinition-as-ext-supported-capacity.html","title":"AS Supported Capacity Extension","generation":"generated"},{"extension":[{"url":"http://hl7.org/fhir/tools/StructureDefinition/ig-page-name","valueUrl":"ValueSet-as-vs-intern-id-systems.html"}],"nameUrl":"ValueSet-as-vs-intern-id-systems.html","title":"AS ValueSet Internal Identifier Systems","generation":"generated"},{"extension":[{"url":"http://hl7.org/fhir/tools/StructureDefinition/ig-page-name","valueUrl":"ValueSet-as-vs-organization-types.html"}],"nameUrl":"ValueSet-as-vs-organization-types.html","title":"AS ValueSet OrganizationTypes","generation":"generated"},{"extension":[{"url":"http://hl7.org/fhir/tools/StructureDefinition/ig-page-name","valueUrl":"ValueSet-as-vs-type-systeme-information.html"}],"nameUrl":"ValueSet-as-vs-type-systeme-information.html","title":"AS ValueSet type de système d'information","generation":"generated"},{"extension":[{"url":"http://hl7.org/fhir/tools/StructureDefinition/ig-page-name","valueUrl":"ValueSet-VS-TRE-R286-TypeFermeture.html"}],"nameUrl":"ValueSet-VS-TRE-R286-TypeFermeture.html","title":"ValueSet pour l'ensemble des codes concepts de la TRE avec l'url : https://mos.esante.gouv.fr/NOS/TRE_R286-TypeFermeture/FHIR/TRE-R286-TypeFermeture","generation":"generated"},{"extension":[{"url":"http://hl7.org/fhir/tools/StructureDefinition/ig-page-name","valueUrl":"ValueSet-VS-TRE-R301-SourceInformationInstallation.html"}],"nameUrl":"ValueSet-VS-TRE-R301-SourceInformationInstallation.html","title":"ValueSet pour l'ensemble des codes concepts de la TRE avec l'url : https://mos.esante.gouv.fr/NOS/TRE_R301-SourceInformationInstallation/FHIR/TRE-R301-SourceInformationInstallation","generation":"generated"},{"extension":[{"url":"http://hl7.org/fhir/tools/StructureDefinition/ig-page-name","valueUrl":"ValueSet-VS-TRE-R74-ModeFixationTarifaire.html"}],"nameUrl":"ValueSet-VS-TRE-R74-ModeFixationTarifaire.html","title":"ValueSet pour l'ensemble des codes concepts de la TRE avec l'url : https://mos.esante.gouv.fr/NOS/TRE_R74-ModeFixationTarifaire/FHIR/TRE-R74-ModeFixationTarifaire","generation":"generated"},{"extension":[{"url":"http://hl7.org/fhir/tools/StructureDefinition/ig-page-name","valueUrl":"CodeSystem-as-cs-intern-id-systems.html"}],"nameUrl":"CodeSystem-as-cs-intern-id-systems.html","title":"AS CodeSystem Internal Identifier Systems","generation":"generated"},{"extension":[{"url":"http://hl7.org/fhir/tools/StructureDefinition/ig-page-name","valueUrl":"CodeSystem-as-cs-organization-types.html"}],"nameUrl":"CodeSystem-as-cs-organization-types.html","title":"AS CodeSystem OrganizationTypes","generation":"generated"},{"extension":[{"url":"http://hl7.org/fhir/tools/StructureDefinition/ig-page-name","valueUrl":"CodeSystem-as-cs-type-systeme-information.html"}],"nameUrl":"CodeSystem-as-cs-type-systeme-information.html","title":"AS CodeSystem type de système d'information","generation":"generated"},{"extension":[{"url":"http://hl7.org/fhir/tools/StructureDefinition/ig-page-name","valueUrl":"Organization-example-organization-fictive.html"}],"nameUrl":"Organization-example-organization-fictive.html","title":"example-organization-fictive","generation":"generated"},{"extension":[{"url":"http://hl7.org/fhir/tools/StructureDefinition/ig-page-name","valueUrl":"Organization-example-organization-nancy.html"}],"nameUrl":"Organization-example-organization-nancy.html","title":"example-organization-nancy","generation":"generated"},{"extension":[{"url":"http://hl7.org/fhir/tools/StructureDefinition/ig-page-name","valueUrl":"Organization-481677DP.html"}],"nameUrl":"Organization-481677DP.html","title":"pp16dp-organization","generation":"generated"},{"extension":[{"url":"http://hl7.org/fhir/tools/StructureDefinition/ig-page-name","valueUrl":"Practitioner-3719500DP.html"}],"nameUrl":"Practitioner-3719500DP.html","title":"pp16dp-practitioner","generation":"generated"},{"extension":[{"url":"http://hl7.org/fhir/tools/StructureDefinition/ig-page-name","valueUrl":"PractitionerRole-5015602DP.html"}],"nameUrl":"PractitionerRole-5015602DP.html","title":"pp16dp-practitioner-role","generation":"generated"},{"extension":[{"url":"http://hl7.org/fhir/tools/StructureDefinition/ig-page-name","valueUrl":"Organization-481677.html"}],"nameUrl":"Organization-481677.html","title":"pp16dr-organization","generation":"generated"},{"extension":[{"url":"http://hl7.org/fhir/tools/StructureDefinition/ig-page-name","valueUrl":"Person-pp16dr-person.html"}],"nameUrl":"Person-pp16dr-person.html","title":"pp16dr-person","generation":"generated"},{"extension":[{"url":"http://hl7.org/fhir/tools/StructureDefinition/ig-page-name","valueUrl":"Practitioner-3719500.html"}],"nameUrl":"Practitioner-3719500.html","title":"pp16dr-practitioner","generation":"generated"},{"extension":[{"url":"http://hl7.org/fhir/tools/StructureDefinition/ig-page-name","valueUrl":"PractitionerRole-5015602.html"}],"nameUrl":"PractitionerRole-5015602.html","title":"pp16dr-practitioner-role","generation":"generated"},{"extension":[{"url":"http://hl7.org/fhir/tools/StructureDefinition/ig-page-name","valueUrl":"Organization-158480DP.html"}],"nameUrl":"Organization-158480DP.html","title":"pp19dp-organization-eg-cab","generation":"generated"},{"extension":[{"url":"http://hl7.org/fhir/tools/StructureDefinition/ig-page-name","valueUrl":"Organization-548812DP.html"}],"nameUrl":"Organization-548812DP.html","title":"pp19dp-organization-ej-cab","generation":"generated"},{"extension":[{"url":"http://hl7.org/fhir/tools/StructureDefinition/ig-page-name","valueUrl":"Practitioner-334081DP.html"}],"nameUrl":"Practitioner-334081DP.html","title":"pp19dp-practitioner","generation":"generated"},{"extension":[{"url":"http://hl7.org/fhir/tools/StructureDefinition/ig-page-name","valueUrl":"PractitionerRole-1738459DP.html"}],"nameUrl":"PractitionerRole-1738459DP.html","title":"pp19dp-practitioner-role-lib","generation":"generated"},{"extension":[{"url":"http://hl7.org/fhir/tools/StructureDefinition/ig-page-name","valueUrl":"PractitionerRole-1578230DP.html"}],"nameUrl":"PractitionerRole-1578230DP.html","title":"pp19dp-practitioner-role-sal","generation":"generated"},{"extension":[{"url":"http://hl7.org/fhir/tools/StructureDefinition/ig-page-name","valueUrl":"Organization-158480.html"}],"nameUrl":"Organization-158480.html","title":"pp19dr-organization-eg-cab","generation":"generated"},{"extension":[{"url":"http://hl7.org/fhir/tools/StructureDefinition/ig-page-name","valueUrl":"Organization-548812.html"}],"nameUrl":"Organization-548812.html","title":"pp19dr-organization-ej-cab","generation":"generated"},{"extension":[{"url":"http://hl7.org/fhir/tools/StructureDefinition/ig-page-name","valueUrl":"Person-pp19dr-person.html"}],"nameUrl":"Person-pp19dr-person.html","title":"pp19dr-person","generation":"generated"},{"extension":[{"url":"http://hl7.org/fhir/tools/StructureDefinition/ig-page-name","valueUrl":"Practitioner-334081.html"}],"nameUrl":"Practitioner-334081.html","title":"pp19dr-practitioner","generation":"generated"},{"extension":[{"url":"http://hl7.org/fhir/tools/StructureDefinition/ig-page-name","valueUrl":"PractitionerRole-1738459.html"}],"nameUrl":"PractitionerRole-1738459.html","title":"pp19dr-practitioner-role-lib","generation":"generated"},{"extension":[{"url":"http://hl7.org/fhir/tools/StructureDefinition/ig-page-name","valueUrl":"PractitionerRole-1578230.html"}],"nameUrl":"PractitionerRole-1578230.html","title":"pp19dr-practitioner-role-sal","generation":"generated"}]}]},"parameter":[{"code":"path-resource","value":"input/capabilities"},{"code":"path-resource","value":"input/examples"},{"code":"path-resource","value":"input/extensions"},{"code":"path-resource","value":"input/models"},{"code":"path-resource","value":"input/operations"},{"code":"path-resource","value":"input/profiles"},{"code":"path-resource","value":"input/resources"},{"code":"path-resource","value":"input/vocabulary"},{"code":"path-resource","value":"input/maps"},{"code":"path-resource","value":"input/testing"},{"code":"path-resource","value":"input/history"},{"code":"path-resource","value":"fsh-generated/resources"},{"code":"path-pages","value":"template/config"},{"code":"path-pages","value":"input/images"},{"code":"path-tx-cache","value":"input-cache/txcache"}]}}