{"resourceType":"ValueSet","id":"VS-TRE-R301-SourceInformationInstallation","meta":{"profile":["http://hl7.org/fhir/StructureDefinition/shareablevalueset"]},"text":{"status":"generated","div":"<div xmlns=\"http://www.w3.org/1999/xhtml\"><p class=\"res-header-id\"><b>Generated Narrative: ValueSet VS-TRE-R301-SourceInformationInstallation</b></p><a name=\"VS-TRE-R301-SourceInformationInstallation\"> </a><a name=\"hcVS-TRE-R301-SourceInformationInstallation\"> </a><a name=\"VS-TRE-R301-SourceInformationInstallation-fr-FR\"> </a><ul><li>Include all codes defined in <a href=\"https://interop.esante.gouv.fr/ig/nos/1.3.0/CodeSystem-TRE-R301-SourceInformationInstallation.html\"><code>https://mos.esante.gouv.fr/NOS/TRE_R301-SourceInformationInstallation/FHIR/TRE-R301-SourceInformationInstallation</code></a></li></ul></div>"},"url":"https://interop.esante.gouv.fr/ig/fhir/annuaire/ValueSet/VS-TRE-R301-SourceInformationInstallation","version":"1.1.0-snapshot-3","name":"VS_TRE_R301_SourceInformationInstallation","title":"ValueSet pour l'ensemble des codes concepts de la TRE avec l'url : https://mos.esante.gouv.fr/NOS/TRE_R301-SourceInformationInstallation/FHIR/TRE-R301-SourceInformationInstallation","status":"active","experimental":false,"date":"2024-09-12T11:56:22+00:00","publisher":"Agence du Numérique en Santé (ANS) - 2-10 Rue d'Oradour-sur-Glane, 75015 Paris","contact":[{"name":"Agence du Numérique en Santé (ANS) - 2-10 Rue d'Oradour-sur-Glane, 75015 Paris","telecom":[{"system":"url","value":"https://esante.gouv.fr"},{"system":"email","value":"monserviceclient.annuaire@esante.gouv.fr"}]}],"description":"JDV des NOS contenant l'ensemble des codes concepts de la TRE avec l'url : https://mos.esante.gouv.fr/NOS/TRE_R301-SourceInformationInstallation/FHIR/TRE-R301-SourceInformationInstallation","jurisdiction":[{"coding":[{"system":"urn:iso:std:iso:3166","code":"FR","display":"FRANCE"}]}],"compose":{"include":[{"system":"https://mos.esante.gouv.fr/NOS/TRE_R301-SourceInformationInstallation/FHIR/TRE-R301-SourceInformationInstallation"}]}}