{"resourceType":"ValueSet","id":"VS-TRE-R74-ModeFixationTarifaire","meta":{"profile":["http://hl7.org/fhir/StructureDefinition/shareablevalueset"]},"text":{"status":"generated","div":"<div xmlns=\"http://www.w3.org/1999/xhtml\"><p class=\"res-header-id\"><b>Generated Narrative: ValueSet VS-TRE-R74-ModeFixationTarifaire</b></p><a name=\"VS-TRE-R74-ModeFixationTarifaire\"> </a><a name=\"hcVS-TRE-R74-ModeFixationTarifaire\"> </a><a name=\"VS-TRE-R74-ModeFixationTarifaire-fr-FR\"> </a><ul><li>Include all codes defined in <a href=\"https://interop.esante.gouv.fr/ig/nos/1.3.0/CodeSystem-TRE-R74-ModeFixationTarifaire.html\"><code>https://mos.esante.gouv.fr/NOS/TRE_R74-ModeFixationTarifaire/FHIR/TRE-R74-ModeFixationTarifaire</code></a></li></ul></div>"},"url":"https://interop.esante.gouv.fr/ig/fhir/annuaire/ValueSet/VS-TRE-R74-ModeFixationTarifaire","version":"1.1.0-snapshot-3","name":"VS_TRE_R74_ModeFixationTarifaire","title":"ValueSet pour l'ensemble des codes concepts de la TRE avec l'url : https://mos.esante.gouv.fr/NOS/TRE_R74-ModeFixationTarifaire/FHIR/TRE-R74-ModeFixationTarifaire","status":"active","experimental":false,"date":"2024-09-12T13:29:53+00:00","publisher":"Agence du Numérique en Santé (ANS) - 2-10 Rue d'Oradour-sur-Glane, 75015 Paris","contact":[{"name":"Agence du Numérique en Santé (ANS) - 2-10 Rue d'Oradour-sur-Glane, 75015 Paris","telecom":[{"system":"url","value":"https://esante.gouv.fr"},{"system":"email","value":"monserviceclient.annuaire@esante.gouv.fr"}]}],"description":"JDV des NOS contenant l'ensemble des codes concepts de la TRE avec l'url : https://mos.esante.gouv.fr/NOS/TRE_R74-ModeFixationTarifaire/FHIR/TRE-R74-ModeFixationTarifaire","jurisdiction":[{"coding":[{"system":"urn:iso:std:iso:3166","code":"FR","display":"FRANCE"}]}],"compose":{"include":[{"system":"https://mos.esante.gouv.fr/NOS/TRE_R74-ModeFixationTarifaire/FHIR/TRE-R74-ModeFixationTarifaire"}]}}