{"resourceType":"ValueSet","id":"as-vs-type-systeme-information","meta":{"profile":["http://hl7.org/fhir/StructureDefinition/shareablevalueset"]},"text":{"status":"generated","div":"<div xmlns=\"http://www.w3.org/1999/xhtml\"><p class=\"res-header-id\"><b>Generated Narrative: ValueSet as-vs-type-systeme-information</b></p><a name=\"as-vs-type-systeme-information\"> </a><a name=\"hcas-vs-type-systeme-information\"> </a><a name=\"as-vs-type-systeme-information-fr-FR\"> </a><ul><li>Include all codes defined in <a href=\"CodeSystem-as-cs-type-systeme-information.html\"><code>https://interop.esante.gouv.fr/ig/fhir/annuaire/CodeSystem/as-cs-type-systeme-information</code></a></li></ul></div>"},"url":"https://interop.esante.gouv.fr/ig/fhir/annuaire/ValueSet/as-vs-type-systeme-information","version":"1.1.0-snapshot-3","name":"AsVsTypeSystemeInformationVS","title":"AS ValueSet type de système d'information","status":"active","experimental":false,"date":"2024-09-12T12:30:18+00:00","publisher":"Agence du Numérique en Santé (ANS) - 2-10 Rue d'Oradour-sur-Glane, 75015 Paris","contact":[{"name":"Agence du Numérique en Santé (ANS) - 2-10 Rue d'Oradour-sur-Glane, 75015 Paris","telecom":[{"system":"url","value":"https://esante.gouv.fr"},{"system":"email","value":"monserviceclient.annuaire@esante.gouv.fr"}]}],"description":"ValueSet définissant les types de systèmes d'information pouvant alimenter l'annuaire santé.","jurisdiction":[{"coding":[{"system":"urn:iso:std:iso:3166","code":"FR","display":"FRANCE"}]}],"compose":{"include":[{"system":"https://interop.esante.gouv.fr/ig/fhir/annuaire/CodeSystem/as-cs-type-systeme-information"}]}}