<?xml version="1.0" encoding="UTF-8"?><CodeSystem xmlns="http://hl7.org/fhir"><id value="as-cs-intern-id-systems"/><text><status value="generated"/><div xmlns="http://www.w3.org/1999/xhtml"><p class="res-header-id"><b>Generated Narrative: CodeSystem as-cs-intern-id-systems</b></p><a name="as-cs-intern-id-systems"> </a><a name="hcas-cs-intern-id-systems"> </a><a name="as-cs-intern-id-systems-fr-FR"> </a><p>This  code system <code>https://interop.esante.gouv.fr/ig/fhir/annuaire/CodeSystem/as-cs-intern-id-systems</code> defines the following codes:</p><table class="codes"><tr><td style="white-space:nowrap"><b>Code</b></td><td><b>Display</b></td></tr><tr><td style="white-space:nowrap">finess.interne.esante.gouv.fr<a name="as-cs-intern-id-systems-finess.46interne.46esante.46gouv.46fr"> </a></td><td>Système de l'identifiant interne basé sur l'identifiant de la structure FINESS</td></tr><tr><td style="white-space:nowrap">siren.interne.esante.gouv.fr<a name="as-cs-intern-id-systems-siren.46interne.46esante.46gouv.46fr"> </a></td><td>Système de l'identifiant interne basé sur l'identifiant de la structure SIREN</td></tr><tr><td style="white-space:nowrap">siret.interne.esante.gouv.fr<a name="as-cs-intern-id-systems-siret.46interne.46esante.46gouv.46fr"> </a></td><td>Système de l'identifiant interne basé sur l'identifiant de la structure SIRET</td></tr><tr><td style="white-space:nowrap">rpps.interne.esante.gouv.fr<a name="as-cs-intern-id-systems-rpps.46interne.46esante.46gouv.46fr"> </a></td><td>Système de l'identifiant interne basé sur l'identifiant du cabinet RPPS</td></tr><tr><td style="white-space:nowrap">adeli.interne.esante.gouv.fr<a name="as-cs-intern-id-systems-adeli.46interne.46esante.46gouv.46fr"> </a></td><td>Système de l'identifiant interne basé sur l'identifiant du cabinet ADELI</td></tr></table></div></text><url value="https://interop.esante.gouv.fr/ig/fhir/annuaire/CodeSystem/as-cs-intern-id-systems"/><version value="1.1.0-snapshot-3"/><name value="AsCSInterneIdSystems"/><title value="AS CodeSystem Internal Identifier Systems"/><status value="active"/><date value="2024-09-12T11:56:22+00:00"/><publisher value="Agence du Numérique en Santé (ANS) - 2-10 Rue d'Oradour-sur-Glane, 75015 Paris"/><contact><name value="Agence du Numérique en Santé (ANS) - 2-10 Rue d'Oradour-sur-Glane, 75015 Paris"/><telecom><system value="url"/><value value="https://esante.gouv.fr"/></telecom><telecom><system value="email"/><value value="monserviceclient.annuaire@esante.gouv.fr"/></telecom></contact><description value="CodeSystem contenant les identifiants locaux"/><jurisdiction><coding><system value="urn:iso:std:iso:3166"/><code value="FR"/><display value="FRANCE"/></coding></jurisdiction><content value="complete"/><count value="5"/><concept><code value="finess.interne.esante.gouv.fr"/><display value="Système de l'identifiant interne basé sur l'identifiant de la structure FINESS"/></concept><concept><code value="siren.interne.esante.gouv.fr"/><display value="Système de l'identifiant interne basé sur l'identifiant de la structure SIREN"/></concept><concept><code value="siret.interne.esante.gouv.fr"/><display value="Système de l'identifiant interne basé sur l'identifiant de la structure SIRET"/></concept><concept><code value="rpps.interne.esante.gouv.fr"/><display value="Système de l'identifiant interne basé sur l'identifiant du cabinet RPPS"/></concept><concept><code value="adeli.interne.esante.gouv.fr"/><display value="Système de l'identifiant interne basé sur l'identifiant du cabinet ADELI"/></concept></CodeSystem>