<?xml version="1.0" encoding="UTF-8"?><SearchParameter xmlns="http://hl7.org/fhir"><id value="as-sp-qualification-code"/><text><status value="generated"/><div xmlns="http://www.w3.org/1999/xhtml"><p class="res-header-id"><b>Generated Narrative: SearchParameter as-sp-qualification-code</b></p><a name="as-sp-qualification-code"> </a><a name="hcas-sp-qualification-code"> </a><a name="as-sp-qualification-code-fr-FR"> </a><h2>AsQualificationCodeSearchParameter</h2><p>Parameter <code>qualification-code</code>:<code>token</code></p><div><p>Paramètre de recherche pour rechercher par code de qualification.</p>
</div><table class="grid"><tr><td>Resource</td><td><a href="http://hl7.org/fhir/R4/practitioner.html">Practitioner</a></td></tr><tr><td>Expression</td><td><code>qualification.code</code></td></tr><tr><td>Multiples</td><td><ul><li>multipleAnd: It's up to the server whether the parameter may repeat in order to specify multiple values that must all be true</li><li>multipleOr: It's up to the server whether the parameter can have multiple values (separated by comma) where at least one must be true</li></ul></td></tr></table></div></text><url value="https://interop.esante.gouv.fr/ig/fhir/annuaire/SearchParameter/as-sp-qualification-code"/><version value="1.1.0-snapshot-3"/><name value="AsQualificationCodeSearchParameter"/><status value="active"/><date value="2024-09-12T12:30:18+00:00"/><publisher value="Agence du Numérique en Santé (ANS) - 2-10 Rue d'Oradour-sur-Glane, 75015 Paris"/><contact><name value="Agence du Numérique en Santé (ANS) - 2-10 Rue d'Oradour-sur-Glane, 75015 Paris"/><telecom><system value="url"/><value value="https://esante.gouv.fr"/></telecom><telecom><system value="email"/><value value="monserviceclient.annuaire@esante.gouv.fr"/></telecom></contact><description value="Paramètre de recherche pour rechercher par code de qualification."/><jurisdiction><coding><system value="urn:iso:std:iso:3166"/><code value="FR"/><display value="FRANCE"/></coding></jurisdiction><code value="qualification-code"/><base value="Practitioner"/><type value="token"/><expression value="qualification.code"/></SearchParameter>