<?xml version="1.0" encoding="UTF-8"?><SearchParameter xmlns="http://hl7.org/fhir"><id value="as-sp-mailbox-mss"/><text><status value="generated"/><div xmlns="http://www.w3.org/1999/xhtml"><p class="res-header-id"><b>Generated Narrative: SearchParameter as-sp-mailbox-mss</b></p><a name="as-sp-mailbox-mss"> </a><a name="hcas-sp-mailbox-mss"> </a><a name="as-sp-mailbox-mss-fr-FR"> </a><h2>AsMailboxMssSearchParameter</h2><p>Parameter <code>mailbox-mss</code>:<code>string</code></p><div><p>Paramètre de recherche pour récupérer une organisation, un praticien ou une situation d'exercice par adresse MSSanté.</p>
</div><table class="grid"><tr><td>Resources</td><td><a href="http://hl7.org/fhir/R4/organization.html">Organization</a>, <a href="http://hl7.org/fhir/R4/practitioner.html">Practitioner</a>, <a href="http://hl7.org/fhir/R4/practitionerrole.html">PractitionerRole</a></td></tr><tr><td>Expression</td><td><code>telecom.value</code></td></tr><tr><td>Multiples</td><td><ul><li>multipleAnd: It's up to the server whether the parameter may repeat in order to specify multiple values that must all be true</li><li>multipleOr: It's up to the server whether the parameter can have multiple values (separated by comma) where at least one must be true</li></ul></td></tr></table></div></text><url value="https://interop.esante.gouv.fr/ig/fhir/annuaire/SearchParameter/as-sp-mailbox-mss"/><version value="1.1.0-snapshot-3"/><name value="AsMailboxMssSearchParameter"/><status value="active"/><date value="2024-09-12T12:30:18+00:00"/><publisher value="Agence du Numérique en Santé (ANS) - 2-10 Rue d'Oradour-sur-Glane, 75015 Paris"/><contact><name value="Agence du Numérique en Santé (ANS) - 2-10 Rue d'Oradour-sur-Glane, 75015 Paris"/><telecom><system value="url"/><value value="https://esante.gouv.fr"/></telecom><telecom><system value="email"/><value value="monserviceclient.annuaire@esante.gouv.fr"/></telecom></contact><description value="Paramètre de recherche pour récupérer une organisation, un praticien ou une situation d'exercice par adresse MSSanté."/><jurisdiction><coding><system value="urn:iso:std:iso:3166"/><code value="FR"/><display value="FRANCE"/></coding></jurisdiction><code value="mailbox-mss"/><base value="Organization"/><base value="Practitioner"/><base value="PractitionerRole"/><type value="string"/><expression value="telecom.value"/></SearchParameter>