<?xml version="1.0" encoding="UTF-8"?><ValueSet xmlns="http://hl7.org/fhir"><id value="as-vs-intern-id-systems"/><meta><profile value="http://hl7.org/fhir/StructureDefinition/shareablevalueset"/></meta><text><status value="generated"/><div xmlns="http://www.w3.org/1999/xhtml"><p class="res-header-id"><b>Generated Narrative: ValueSet as-vs-intern-id-systems</b></p><a name="as-vs-intern-id-systems"> </a><a name="hcas-vs-intern-id-systems"> </a><a name="as-vs-intern-id-systems-fr-FR"> </a><ul><li>Include all codes defined in <a href="CodeSystem-as-cs-intern-id-systems.html"><code>https://interop.esante.gouv.fr/ig/fhir/annuaire/CodeSystem/as-cs-intern-id-systems</code></a></li></ul></div></text><url value="https://interop.esante.gouv.fr/ig/fhir/annuaire/ValueSet/as-vs-intern-id-systems"/><version value="1.1.0-snapshot-3"/><name value="AsVSInterneIdSystems"/><title value="AS ValueSet Internal Identifier Systems"/><status value="active"/><experimental value="false"/><date value="2024-09-12T13:29:53+00:00"/><publisher value="Agence du Numérique en Santé (ANS) - 2-10 Rue d'Oradour-sur-Glane, 75015 Paris"/><contact><name value="Agence du Numérique en Santé (ANS) - 2-10 Rue d'Oradour-sur-Glane, 75015 Paris"/><telecom><system value="url"/><value value="https://esante.gouv.fr"/></telecom><telecom><system value="email"/><value value="monserviceclient.annuaire@esante.gouv.fr"/></telecom></contact><description value="ValueSet contenant les identifiants internes"/><jurisdiction><coding><system value="urn:iso:std:iso:3166"/><code value="FR"/><display value="FRANCE"/></coding></jurisdiction><compose><include><system value="https://interop.esante.gouv.fr/ig/fhir/annuaire/CodeSystem/as-cs-intern-id-systems"/></include></compose></ValueSet>