{
  "resourceType" : "CodeSystem",
  "id" : "as-cs-type-systeme-information",
  "meta" : {
    "profile" : ["http://hl7.org/fhir/StructureDefinition/shareablecodesystem"]
  },
  "text" : {
    "status" : "generated",
    "div" : "<div xmlns=\"http://www.w3.org/1999/xhtml\"><p class=\"res-header-id\"><b>Generated Narrative: CodeSystem as-cs-type-systeme-information</b></p><a name=\"as-cs-type-systeme-information\"> </a><a name=\"hcas-cs-type-systeme-information\"> </a><a name=\"as-cs-type-systeme-information-fr-FR\"> </a><p>This  code system <code>https://interop.esante.gouv.fr/ig/fhir/annuaire/CodeSystem/as-cs-type-systeme-information</code> defines the following codes:</p><table class=\"codes\"><tr><td style=\"white-space:nowrap\"><b>Code</b></td><td><b>Display</b></td><td><b>Definition</b></td></tr><tr><td style=\"white-space:nowrap\">RPPS<a name=\"as-cs-type-systeme-information-RPPS\"> </a></td><td>Répertoire partagé des professionnels de santé</td><td>Répertoire partagé des professionnels de santé</td></tr><tr><td style=\"white-space:nowrap\">ADELI<a name=\"as-cs-type-systeme-information-ADELI\"> </a></td><td>Numéro ADELI</td><td>Adeli est un répertoire national qui recense les professionnels de santé réglementés, qu'ils exercent en libéral ou salarial.</td></tr><tr><td style=\"white-space:nowrap\">FINESS<a name=\"as-cs-type-systeme-information-FINESS\"> </a></td><td>Fichier national des établissements sanitaires et sociaux</td><td>FINESS (Fichier National des Etablissements Sanitaires et Sociaux) est le répertoire national de référence des personnes morales intervenant dans les domaines sanitaire, médico-social et social et de l’enseignement des professions sanitaires et sociales.</td></tr><tr><td style=\"white-space:nowrap\">CG<a name=\"as-cs-type-systeme-information-CG\"> </a></td><td>CG</td><td>SI CPS</td></tr></table></div>"
  },
  "url" : "https://interop.esante.gouv.fr/ig/fhir/annuaire/CodeSystem/as-cs-type-systeme-information",
  "version" : "1.1.0-snapshot-3",
  "name" : "AsCsTypeSystemeInformation",
  "title" : "AS CodeSystem type de système d'information",
  "status" : "active",
  "experimental" : false,
  "date" : "2024-09-12T13:29:53+00:00",
  "publisher" : "Agence du Numérique en Santé (ANS) - 2-10 Rue d'Oradour-sur-Glane, 75015 Paris",
  "contact" : [{
    "name" : "Agence du Numérique en Santé (ANS) - 2-10 Rue d'Oradour-sur-Glane, 75015 Paris",
    "telecom" : [{
      "system" : "url",
      "value" : "https://esante.gouv.fr"
    },
    {
      "system" : "email",
      "value" : "monserviceclient.annuaire@esante.gouv.fr"
    }]
  }],
  "description" : "CodeSystem définissant les types de systèmes d'information pouvant alimenter l'annuaire santé.",
  "jurisdiction" : [{
    "coding" : [{
      "system" : "urn:iso:std:iso:3166",
      "code" : "FR",
      "display" : "FRANCE"
    }]
  }],
  "content" : "complete",
  "count" : 4,
  "concept" : [{
    "code" : "RPPS",
    "display" : "Répertoire partagé des professionnels de santé",
    "definition" : "Répertoire partagé des professionnels de santé"
  },
  {
    "code" : "ADELI",
    "display" : "Numéro ADELI",
    "definition" : "Adeli est un répertoire national qui recense les professionnels de santé réglementés, qu'ils exercent en libéral ou salarial."
  },
  {
    "code" : "FINESS",
    "display" : "Fichier national des établissements sanitaires et sociaux",
    "definition" : "FINESS (Fichier National des Etablissements Sanitaires et Sociaux) est le répertoire national de référence des personnes morales intervenant dans les domaines sanitaire, médico-social et social et de l’enseignement des professions sanitaires et sociales."
  },
  {
    "code" : "CG",
    "display" : "CG",
    "definition" : "SI CPS"
  }]
}