{
  "resourceType" : "ImplementationGuide",
  "id" : "ans.fhir.fr.annuaire",
  "text" : {
    "status" : "generated",
    "div" : "<div xmlns=\"http://www.w3.org/1999/xhtml\"><p class=\"res-header-id\"><b>Generated Narrative: ImplementationGuide ans.fhir.fr.annuaire</b></p><a name=\"ans.fhir.fr.annuaire\"> </a><a name=\"hcans.fhir.fr.annuaire\"> </a><a name=\"ans.fhir.fr.annuaire-fr-FR\"> </a><h2>AnnuaireSante</h2><p>The official URL for this implementation guide is: </p><pre>https://interop.esante.gouv.fr/ig/fhir/annuaire/ImplementationGuide/ans.fhir.fr.annuaire</pre><div><p>Ressources de conformité basées sur le modèle d'exposition de l'Annuaire Santé.</p>\n</div></div>"
  },
  "url" : "https://interop.esante.gouv.fr/ig/fhir/annuaire/ImplementationGuide/ans.fhir.fr.annuaire",
  "version" : "1.1.0-snapshot-3",
  "name" : "AnnuaireSante",
  "title" : "Annuaire Santé",
  "status" : "active",
  "date" : "2024-09-12T11:56:22+00:00",
  "publisher" : "Agence du Numérique en Santé (ANS) - 2-10 Rue d'Oradour-sur-Glane, 75015 Paris",
  "contact" : [{
    "name" : "Agence du Numérique en Santé (ANS) - 2-10 Rue d'Oradour-sur-Glane, 75015 Paris",
    "telecom" : [{
      "system" : "url",
      "value" : "https://esante.gouv.fr"
    },
    {
      "system" : "email",
      "value" : "monserviceclient.annuaire@esante.gouv.fr"
    }]
  }],
  "description" : "Ressources de conformité basées sur le modèle d'exposition de l'Annuaire Santé.",
  "jurisdiction" : [{
    "coding" : [{
      "system" : "urn:iso:std:iso:3166",
      "code" : "FR",
      "display" : "FRANCE"
    }]
  }],
  "packageId" : "ans.fhir.fr.annuaire",
  "license" : "CC0-1.0",
  "fhirVersion" : ["4.0.1"],
  "dependsOn" : [{
    "id" : "hl7ext",
    "extension" : [{
      "url" : "http://hl7.org/fhir/tools/StructureDefinition/implementationguide-dependency-comment",
      "valueMarkdown" : "Automatically added as a dependency - all IGs depend on the HL7 Extension Pack"
    }],
    "uri" : "http://hl7.org/fhir/extensions/ImplementationGuide/hl7.fhir.uv.extensions",
    "packageId" : "hl7.fhir.uv.extensions.r4",
    "version" : "5.1.0"
  },
  {
    "id" : "hl7_fhir_fr_core",
    "uri" : "https://hl7.fr/ig/fhir/core/ImplementationGuide/hl7.fhir.fr.core",
    "packageId" : "hl7.fhir.fr.core",
    "version" : "2.1.0"
  },
  {
    "id" : "ans_fr_nos",
    "uri" : "https://interop.esante.gouv.fr/ig/nos/ImplementationGuide/ans.fr.nos",
    "packageId" : "ans.fr.nos",
    "version" : "1.3.0"
  },
  {
    "id" : "hl7_terminology_r4",
    "uri" : "http://terminology.hl7.org/ImplementationGuide/hl7.terminology",
    "packageId" : "hl7.terminology.r4",
    "version" : "5.5.0"
  }],
  "definition" : {
    "extension" : [{
      "extension" : [{
        "url" : "code",
        "valueString" : "copyrightyear"
      },
      {
        "url" : "value",
        "valueString" : "2020+"
      }],
      "url" : "http://hl7.org/fhir/tools/StructureDefinition/ig-parameter"
    },
    {
      "extension" : [{
        "url" : "code",
        "valueString" : "releaselabel"
      },
      {
        "url" : "value",
        "valueString" : "qa-preview"
      }],
      "url" : "http://hl7.org/fhir/tools/StructureDefinition/ig-parameter"
    },
    {
      "extension" : [{
        "url" : "code",
        "valueString" : "shownav"
      },
      {
        "url" : "value",
        "valueString" : "true"
      }],
      "url" : "http://hl7.org/fhir/tools/StructureDefinition/ig-parameter"
    },
    {
      "extension" : [{
        "url" : "code",
        "valueString" : "logging"
      },
      {
        "url" : "value",
        "valueString" : "tx"
      }],
      "url" : "http://hl7.org/fhir/tools/StructureDefinition/ig-parameter"
    },
    {
      "extension" : [{
        "url" : "code",
        "valueString" : "autoload-resources"
      },
      {
        "url" : "value",
        "valueString" : "true"
      }],
      "url" : "http://hl7.org/fhir/tools/StructureDefinition/ig-parameter"
    },
    {
      "extension" : [{
        "url" : "code",
        "valueString" : "path-liquid"
      },
      {
        "url" : "value",
        "valueString" : "template/liquid"
      }],
      "url" : "http://hl7.org/fhir/tools/StructureDefinition/ig-parameter"
    },
    {
      "extension" : [{
        "url" : "code",
        "valueString" : "path-liquid"
      },
      {
        "url" : "value",
        "valueString" : "input/liquid"
      }],
      "url" : "http://hl7.org/fhir/tools/StructureDefinition/ig-parameter"
    },
    {
      "extension" : [{
        "url" : "code",
        "valueString" : "path-qa"
      },
      {
        "url" : "value",
        "valueString" : "temp/qa"
      }],
      "url" : "http://hl7.org/fhir/tools/StructureDefinition/ig-parameter"
    },
    {
      "extension" : [{
        "url" : "code",
        "valueString" : "path-temp"
      },
      {
        "url" : "value",
        "valueString" : "temp/pages"
      }],
      "url" : "http://hl7.org/fhir/tools/StructureDefinition/ig-parameter"
    },
    {
      "extension" : [{
        "url" : "code",
        "valueString" : "path-output"
      },
      {
        "url" : "value",
        "valueString" : "output"
      }],
      "url" : "http://hl7.org/fhir/tools/StructureDefinition/ig-parameter"
    },
    {
      "extension" : [{
        "url" : "code",
        "valueString" : "path-suppressed-warnings"
      },
      {
        "url" : "value",
        "valueString" : "input/ignoreWarnings.txt"
      }],
      "url" : "http://hl7.org/fhir/tools/StructureDefinition/ig-parameter"
    },
    {
      "extension" : [{
        "url" : "code",
        "valueString" : "path-history"
      },
      {
        "url" : "value",
        "valueString" : "https://interop.esante.gouv.fr/ig/fhir/annuaire/history.html"
      }],
      "url" : "http://hl7.org/fhir/tools/StructureDefinition/ig-parameter"
    },
    {
      "extension" : [{
        "url" : "code",
        "valueString" : "template-html"
      },
      {
        "url" : "value",
        "valueString" : "template-page.html"
      }],
      "url" : "http://hl7.org/fhir/tools/StructureDefinition/ig-parameter"
    },
    {
      "extension" : [{
        "url" : "code",
        "valueString" : "template-md"
      },
      {
        "url" : "value",
        "valueString" : "template-page-md.html"
      }],
      "url" : "http://hl7.org/fhir/tools/StructureDefinition/ig-parameter"
    },
    {
      "extension" : [{
        "url" : "code",
        "valueString" : "apply-contact"
      },
      {
        "url" : "value",
        "valueString" : "true"
      }],
      "url" : "http://hl7.org/fhir/tools/StructureDefinition/ig-parameter"
    },
    {
      "extension" : [{
        "url" : "code",
        "valueString" : "apply-context"
      },
      {
        "url" : "value",
        "valueString" : "true"
      }],
      "url" : "http://hl7.org/fhir/tools/StructureDefinition/ig-parameter"
    },
    {
      "extension" : [{
        "url" : "code",
        "valueString" : "apply-copyright"
      },
      {
        "url" : "value",
        "valueString" : "true"
      }],
      "url" : "http://hl7.org/fhir/tools/StructureDefinition/ig-parameter"
    },
    {
      "extension" : [{
        "url" : "code",
        "valueString" : "apply-jurisdiction"
      },
      {
        "url" : "value",
        "valueString" : "true"
      }],
      "url" : "http://hl7.org/fhir/tools/StructureDefinition/ig-parameter"
    },
    {
      "extension" : [{
        "url" : "code",
        "valueString" : "apply-license"
      },
      {
        "url" : "value",
        "valueString" : "true"
      }],
      "url" : "http://hl7.org/fhir/tools/StructureDefinition/ig-parameter"
    },
    {
      "extension" : [{
        "url" : "code",
        "valueString" : "apply-publisher"
      },
      {
        "url" : "value",
        "valueString" : "true"
      }],
      "url" : "http://hl7.org/fhir/tools/StructureDefinition/ig-parameter"
    },
    {
      "extension" : [{
        "url" : "code",
        "valueString" : "apply-version"
      },
      {
        "url" : "value",
        "valueString" : "true"
      }],
      "url" : "http://hl7.org/fhir/tools/StructureDefinition/ig-parameter"
    },
    {
      "extension" : [{
        "url" : "code",
        "valueString" : "apply-wg"
      },
      {
        "url" : "value",
        "valueString" : "true"
      }],
      "url" : "http://hl7.org/fhir/tools/StructureDefinition/ig-parameter"
    },
    {
      "extension" : [{
        "url" : "code",
        "valueString" : "active-tables"
      },
      {
        "url" : "value",
        "valueString" : "true"
      }],
      "url" : "http://hl7.org/fhir/tools/StructureDefinition/ig-parameter"
    },
    {
      "extension" : [{
        "url" : "code",
        "valueString" : "fmm-definition"
      },
      {
        "url" : "value",
        "valueString" : "http://hl7.org/fhir/versions.html#maturity"
      }],
      "url" : "http://hl7.org/fhir/tools/StructureDefinition/ig-parameter"
    },
    {
      "extension" : [{
        "url" : "code",
        "valueString" : "propagate-status"
      },
      {
        "url" : "value",
        "valueString" : "true"
      }],
      "url" : "http://hl7.org/fhir/tools/StructureDefinition/ig-parameter"
    },
    {
      "extension" : [{
        "url" : "code",
        "valueString" : "excludelogbinaryformat"
      },
      {
        "url" : "value",
        "valueString" : "true"
      }],
      "url" : "http://hl7.org/fhir/tools/StructureDefinition/ig-parameter"
    },
    {
      "extension" : [{
        "url" : "code",
        "valueString" : "tabbed-snapshots"
      },
      {
        "url" : "value",
        "valueString" : "true"
      }],
      "url" : "http://hl7.org/fhir/tools/StructureDefinition/ig-parameter"
    },
    {
      "url" : "http://hl7.org/fhir/tools/StructureDefinition/ig-internal-dependency",
      "valueCode" : "hl7.fhir.uv.tools#0.2.0"
    },
    {
      "extension" : [{
        "url" : "code",
        "valueCode" : "copyrightyear"
      },
      {
        "url" : "value",
        "valueString" : "2020+"
      }],
      "url" : "http://hl7.org/fhir/tools/StructureDefinition/ig-parameter"
    },
    {
      "extension" : [{
        "url" : "code",
        "valueCode" : "releaselabel"
      },
      {
        "url" : "value",
        "valueString" : "qa-preview"
      }],
      "url" : "http://hl7.org/fhir/tools/StructureDefinition/ig-parameter"
    },
    {
      "extension" : [{
        "url" : "code",
        "valueCode" : "shownav"
      },
      {
        "url" : "value",
        "valueString" : "true"
      }],
      "url" : "http://hl7.org/fhir/tools/StructureDefinition/ig-parameter"
    },
    {
      "extension" : [{
        "url" : "code",
        "valueCode" : "logging"
      },
      {
        "url" : "value",
        "valueString" : "tx"
      }],
      "url" : "http://hl7.org/fhir/tools/StructureDefinition/ig-parameter"
    },
    {
      "extension" : [{
        "url" : "code",
        "valueCode" : "autoload-resources"
      },
      {
        "url" : "value",
        "valueString" : "true"
      }],
      "url" : "http://hl7.org/fhir/tools/StructureDefinition/ig-parameter"
    },
    {
      "extension" : [{
        "url" : "code",
        "valueCode" : "path-liquid"
      },
      {
        "url" : "value",
        "valueString" : "template/liquid"
      }],
      "url" : "http://hl7.org/fhir/tools/StructureDefinition/ig-parameter"
    },
    {
      "extension" : [{
        "url" : "code",
        "valueCode" : "path-liquid"
      },
      {
        "url" : "value",
        "valueString" : "input/liquid"
      }],
      "url" : "http://hl7.org/fhir/tools/StructureDefinition/ig-parameter"
    },
    {
      "extension" : [{
        "url" : "code",
        "valueCode" : "path-qa"
      },
      {
        "url" : "value",
        "valueString" : "temp/qa"
      }],
      "url" : "http://hl7.org/fhir/tools/StructureDefinition/ig-parameter"
    },
    {
      "extension" : [{
        "url" : "code",
        "valueCode" : "path-temp"
      },
      {
        "url" : "value",
        "valueString" : "temp/pages"
      }],
      "url" : "http://hl7.org/fhir/tools/StructureDefinition/ig-parameter"
    },
    {
      "extension" : [{
        "url" : "code",
        "valueCode" : "path-output"
      },
      {
        "url" : "value",
        "valueString" : "output"
      }],
      "url" : "http://hl7.org/fhir/tools/StructureDefinition/ig-parameter"
    },
    {
      "extension" : [{
        "url" : "code",
        "valueCode" : "path-suppressed-warnings"
      },
      {
        "url" : "value",
        "valueString" : "input/ignoreWarnings.txt"
      }],
      "url" : "http://hl7.org/fhir/tools/StructureDefinition/ig-parameter"
    },
    {
      "extension" : [{
        "url" : "code",
        "valueCode" : "path-history"
      },
      {
        "url" : "value",
        "valueString" : "https://interop.esante.gouv.fr/ig/fhir/annuaire/history.html"
      }],
      "url" : "http://hl7.org/fhir/tools/StructureDefinition/ig-parameter"
    },
    {
      "extension" : [{
        "url" : "code",
        "valueCode" : "template-html"
      },
      {
        "url" : "value",
        "valueString" : "template-page.html"
      }],
      "url" : "http://hl7.org/fhir/tools/StructureDefinition/ig-parameter"
    },
    {
      "extension" : [{
        "url" : "code",
        "valueCode" : "template-md"
      },
      {
        "url" : "value",
        "valueString" : "template-page-md.html"
      }],
      "url" : "http://hl7.org/fhir/tools/StructureDefinition/ig-parameter"
    },
    {
      "extension" : [{
        "url" : "code",
        "valueCode" : "apply-contact"
      },
      {
        "url" : "value",
        "valueString" : "true"
      }],
      "url" : "http://hl7.org/fhir/tools/StructureDefinition/ig-parameter"
    },
    {
      "extension" : [{
        "url" : "code",
        "valueCode" : "apply-context"
      },
      {
        "url" : "value",
        "valueString" : "true"
      }],
      "url" : "http://hl7.org/fhir/tools/StructureDefinition/ig-parameter"
    },
    {
      "extension" : [{
        "url" : "code",
        "valueCode" : "apply-copyright"
      },
      {
        "url" : "value",
        "valueString" : "true"
      }],
      "url" : "http://hl7.org/fhir/tools/StructureDefinition/ig-parameter"
    },
    {
      "extension" : [{
        "url" : "code",
        "valueCode" : "apply-jurisdiction"
      },
      {
        "url" : "value",
        "valueString" : "true"
      }],
      "url" : "http://hl7.org/fhir/tools/StructureDefinition/ig-parameter"
    },
    {
      "extension" : [{
        "url" : "code",
        "valueCode" : "apply-license"
      },
      {
        "url" : "value",
        "valueString" : "true"
      }],
      "url" : "http://hl7.org/fhir/tools/StructureDefinition/ig-parameter"
    },
    {
      "extension" : [{
        "url" : "code",
        "valueCode" : "apply-publisher"
      },
      {
        "url" : "value",
        "valueString" : "true"
      }],
      "url" : "http://hl7.org/fhir/tools/StructureDefinition/ig-parameter"
    },
    {
      "extension" : [{
        "url" : "code",
        "valueCode" : "apply-version"
      },
      {
        "url" : "value",
        "valueString" : "true"
      }],
      "url" : "http://hl7.org/fhir/tools/StructureDefinition/ig-parameter"
    },
    {
      "extension" : [{
        "url" : "code",
        "valueCode" : "apply-wg"
      },
      {
        "url" : "value",
        "valueString" : "true"
      }],
      "url" : "http://hl7.org/fhir/tools/StructureDefinition/ig-parameter"
    },
    {
      "extension" : [{
        "url" : "code",
        "valueCode" : "active-tables"
      },
      {
        "url" : "value",
        "valueString" : "true"
      }],
      "url" : "http://hl7.org/fhir/tools/StructureDefinition/ig-parameter"
    },
    {
      "extension" : [{
        "url" : "code",
        "valueCode" : "fmm-definition"
      },
      {
        "url" : "value",
        "valueString" : "http://hl7.org/fhir/versions.html#maturity"
      }],
      "url" : "http://hl7.org/fhir/tools/StructureDefinition/ig-parameter"
    },
    {
      "extension" : [{
        "url" : "code",
        "valueCode" : "propagate-status"
      },
      {
        "url" : "value",
        "valueString" : "true"
      }],
      "url" : "http://hl7.org/fhir/tools/StructureDefinition/ig-parameter"
    },
    {
      "extension" : [{
        "url" : "code",
        "valueCode" : "excludelogbinaryformat"
      },
      {
        "url" : "value",
        "valueString" : "true"
      }],
      "url" : "http://hl7.org/fhir/tools/StructureDefinition/ig-parameter"
    },
    {
      "extension" : [{
        "url" : "code",
        "valueCode" : "tabbed-snapshots"
      },
      {
        "url" : "value",
        "valueString" : "true"
      }],
      "url" : "http://hl7.org/fhir/tools/StructureDefinition/ig-parameter"
    }],
    "resource" : [{
      "extension" : [{
        "url" : "http://hl7.org/fhir/tools/StructureDefinition/resource-information",
        "valueString" : "StructureDefinition:complex-type"
      }],
      "reference" : {
        "reference" : "StructureDefinition/as-address-extended"
      },
      "name" : "AS Address Extended Datatype Profile",
      "description" : "Datatype profile créé à partir de FrAddress dans le contexte de l'Annuaire Santé pour slicer  Address.line.",
      "exampleBoolean" : false
    },
    {
      "extension" : [{
        "url" : "http://hl7.org/fhir/tools/StructureDefinition/resource-information",
        "valueString" : "StructureDefinition:extension"
      }],
      "reference" : {
        "reference" : "StructureDefinition/as-ext-authorization"
      },
      "name" : "AS Authorization Extension",
      "description" : "Extension créée dans le cadre de l'Annuaire Santé pour décrire les autorisations des activités (HealthcareService) sanitaires, sociales, médico-sociales et d'enseignement et des équipements matériels (Device) lourds autorisés.",
      "exampleBoolean" : false
    },
    {
      "extension" : [{
        "url" : "http://hl7.org/fhir/tools/StructureDefinition/resource-information",
        "valueString" : "StructureDefinition:complex-type"
      }],
      "reference" : {
        "reference" : "StructureDefinition/as-codeableconcept-timed"
      },
      "name" : "AS CodeableConceptTimed Datatype Profile",
      "description" : "Datatype profile créé à partir CodeableConcept dans le cadre de l'Annuaire Santé pour ajouter une extension Period au type CodeableConcept.",
      "exampleBoolean" : false
    },
    {
      "extension" : [{
        "url" : "http://hl7.org/fhir/tools/StructureDefinition/resource-information",
        "valueString" : "StructureDefinition:extension"
      }],
      "reference" : {
        "reference" : "StructureDefinition/as-ext-codeableconcept-timed-metadata"
      },
      "name" : "AS CodeableConceptTimed Metadata",
      "description" : "Extension contenant les métadonnées du CodeableConceptTimed.",
      "exampleBoolean" : false
    },
    {
      "extension" : [{
        "url" : "http://hl7.org/fhir/tools/StructureDefinition/resource-information",
        "valueString" : "CodeSystem"
      }],
      "reference" : {
        "reference" : "CodeSystem/as-cs-intern-id-systems"
      },
      "name" : "AS CodeSystem Internal Identifier Systems",
      "description" : "CodeSystem contenant les identifiants locaux",
      "exampleBoolean" : false
    },
    {
      "extension" : [{
        "url" : "http://hl7.org/fhir/tools/StructureDefinition/resource-information",
        "valueString" : "CodeSystem"
      }],
      "reference" : {
        "reference" : "CodeSystem/as-cs-organization-types"
      },
      "name" : "AS CodeSystem OrganizationTypes",
      "description" : "CodeSystem définissant les types d'organisation",
      "exampleBoolean" : false
    },
    {
      "extension" : [{
        "url" : "http://hl7.org/fhir/tools/StructureDefinition/resource-information",
        "valueString" : "CodeSystem"
      }],
      "reference" : {
        "reference" : "CodeSystem/as-cs-type-systeme-information"
      },
      "name" : "AS CodeSystem type de système d'information",
      "description" : "CodeSystem définissant les types de systèmes d'information pouvant alimenter l'annuaire santé.",
      "exampleBoolean" : false
    },
    {
      "extension" : [{
        "url" : "http://hl7.org/fhir/tools/StructureDefinition/resource-information",
        "valueString" : "StructureDefinition:extension"
      }],
      "reference" : {
        "reference" : "StructureDefinition/as-ext-data-trace"
      },
      "name" : "AS Data Trace Extension",
      "description" : "Extension créée dans le cadre de l'Annuaire Santé pour tracer l'origine de la donnée (Autorité d'Enregistrement (AE) et Système d'Information (SI)). Des études complémentaires vont être initiées pour envisager l'usage de la ressource Provenance ou meta.source.",
      "exampleBoolean" : false
    },
    {
      "extension" : [{
        "url" : "http://hl7.org/fhir/tools/StructureDefinition/resource-information",
        "valueString" : "StructureDefinition:resource"
      }],
      "reference" : {
        "reference" : "StructureDefinition/as-device"
      },
      "name" : "AS Device Profile",
      "description" : "Profil générique créé à partir de Device dans le contexte de l'Annuaire Santé pour décrire les équipements matériels lourds ('EML') mis en oeuvre au sein d'un établissement.",
      "exampleBoolean" : false
    },
    {
      "extension" : [{
        "url" : "http://hl7.org/fhir/tools/StructureDefinition/resource-information",
        "valueString" : "StructureDefinition:extension"
      }],
      "reference" : {
        "reference" : "StructureDefinition/as-ext-digital-certificate"
      },
      "name" : "AS Digital Certificate Extension",
      "description" : "Extension créée dans le cadre de l'Annuaire Santé pour décrire les certificats utilisés par les professionnels et les structures comme moyen d'identification.",
      "exampleBoolean" : false
    },
    {
      "extension" : [{
        "url" : "http://hl7.org/fhir/tools/StructureDefinition/resource-information",
        "valueString" : "StructureDefinition:resource"
      }],
      "reference" : {
        "reference" : "StructureDefinition/as-dp-device"
      },
      "name" : "AS Donnée Publique Device Profile",
      "description" : "Profil public applicatif créé à partir du profil générique as-device dans le contexte des données en libre accès de l’Annuaire Santé. Pour connaître les paramètres de recherches associés à ce profil, il suffit de consulter le CapabilityStatement AsServerCapabilityStatement.",
      "exampleBoolean" : false
    },
    {
      "extension" : [{
        "url" : "http://hl7.org/fhir/tools/StructureDefinition/resource-information",
        "valueString" : "StructureDefinition:resource"
      }],
      "reference" : {
        "reference" : "StructureDefinition/as-dp-healthcareservice-healthcare-activity"
      },
      "name" : "AS Donnée Publique HealthcareService Healthcare Activity Profile",
      "description" : "Profil public applicatif créé à partir du profil générique as-healthcareservice-healthcare-activity dans le contexte des données en accès libre de l'Annuaire Santé. Pour connaître les paramètres de recherches associés à ce profil, il suffit de consulter le CapabilityStatement AsServerCapabilityStatement.",
      "exampleBoolean" : false
    },
    {
      "extension" : [{
        "url" : "http://hl7.org/fhir/tools/StructureDefinition/resource-information",
        "valueString" : "StructureDefinition:resource"
      }],
      "reference" : {
        "reference" : "StructureDefinition/as-dp-healthcareservice-social-equipment"
      },
      "name" : "AS Donnée Publique HealthcareService Social Equipment Profile",
      "description" : "Profil public applicatif créé à partir du profil générique as-healthcareservice-social-equipment dans le contexte des données en accès libre de l'Annuaire Santé. Pour connaître les paramètres de recherches associés à ce profil, il suffit de consulter le CapabilityStatement AsServerCapabilityStatement.",
      "exampleBoolean" : false
    },
    {
      "extension" : [{
        "url" : "http://hl7.org/fhir/tools/StructureDefinition/resource-information",
        "valueString" : "StructureDefinition:resource"
      }],
      "reference" : {
        "reference" : "StructureDefinition/as-dp-organization"
      },
      "name" : "AS Donnée Publique Organization Profile",
      "description" : "Profil public applicatif créé à partir du profil générique as-organization  dans le contexte des données en libre accès de l’Annuaire Santé. Pour connaître les paramètres de recherches associés à ce profil, il suffit de consulter le CapabilityStatement AsServerCapabilityStatement.",
      "exampleBoolean" : false
    },
    {
      "extension" : [{
        "url" : "http://hl7.org/fhir/tools/StructureDefinition/resource-information",
        "valueString" : "StructureDefinition:resource"
      }],
      "reference" : {
        "reference" : "StructureDefinition/as-dp-practitioner"
      },
      "name" : "AS Donnée Publique Practitioner Profile",
      "description" : "Profil public applicatif créé à partir du profil générique as-practitioner dans le contexte des données en libre accès de l’Annuaire Santé. Pour connaître les paramètres de recherches associés à ce profil, il suffit de consulter le CapabilityStatement AsServerCapabilityStatement.",
      "exampleBoolean" : false
    },
    {
      "extension" : [{
        "url" : "http://hl7.org/fhir/tools/StructureDefinition/resource-information",
        "valueString" : "StructureDefinition:resource"
      }],
      "reference" : {
        "reference" : "StructureDefinition/as-dp-practitionerrole"
      },
      "name" : "AS Donnée Publique PractitionerRole Profile",
      "description" : "Profil public applicatif créé à partir du profil générique as-practitionerrole dans le contexte des données en libre accès de l’Annuaire Santé. Pour connaître les paramètres de recherches associés à ce profil, il suffit de consulter le CapabilityStatement AsServerCapabilityStatement.",
      "exampleBoolean" : false
    },
    {
      "extension" : [{
        "url" : "http://hl7.org/fhir/tools/StructureDefinition/resource-information",
        "valueString" : "StructureDefinition:resource"
      }],
      "reference" : {
        "reference" : "StructureDefinition/as-dr-device"
      },
      "name" : "AS Donnée Restreinte Device Profile",
      "description" : "Profil restreint applicatif créé à partir du profil générique as-device dans le contexte des données en accès restreint de l’Annuaire Santé.",
      "exampleBoolean" : false
    },
    {
      "extension" : [{
        "url" : "http://hl7.org/fhir/tools/StructureDefinition/resource-information",
        "valueString" : "StructureDefinition:resource"
      }],
      "reference" : {
        "reference" : "StructureDefinition/as-dr-healthcareservice-healthcare-activity"
      },
      "name" : "AS Donnée Restreinte HealthcareService Healthcare Activity Profile",
      "description" : "Profil restreint applicatif créé à partir du profil générique as-healthcareservice-healthcare-activity dans le contexte des données en accès restreint de l'Annuaire Santé.",
      "exampleBoolean" : false
    },
    {
      "extension" : [{
        "url" : "http://hl7.org/fhir/tools/StructureDefinition/resource-information",
        "valueString" : "StructureDefinition:resource"
      }],
      "reference" : {
        "reference" : "StructureDefinition/as-dr-healthcareservice-social-equipment"
      },
      "name" : "AS Donnée Restreinte HealthcareService Social Equipment Profile",
      "description" : "Profil restreint applicatif créé à partir du profil générique as-healthcareservice-social-equipment dans le contexte des données en accès restreint de l'Annuaire Santé.",
      "exampleBoolean" : false
    },
    {
      "extension" : [{
        "url" : "http://hl7.org/fhir/tools/StructureDefinition/resource-information",
        "valueString" : "StructureDefinition:resource"
      }],
      "reference" : {
        "reference" : "StructureDefinition/as-dr-organization"
      },
      "name" : "AS Donnée Restreinte Organization Profile",
      "description" : "Profil restreint créé à partir de as-organization  dans le contexte des données en accès restreint de l’Annuaire Santé.",
      "exampleBoolean" : false
    },
    {
      "extension" : [{
        "url" : "http://hl7.org/fhir/tools/StructureDefinition/resource-information",
        "valueString" : "StructureDefinition:resource"
      }],
      "reference" : {
        "reference" : "StructureDefinition/as-dr-person"
      },
      "name" : "AS Donnée Restreinte Person Profile",
      "description" : "Profil restreint créé à partir de as-person dans le contexte des données en accès restreint de l’Annuaire Santé.",
      "exampleBoolean" : false
    },
    {
      "extension" : [{
        "url" : "http://hl7.org/fhir/tools/StructureDefinition/resource-information",
        "valueString" : "StructureDefinition:resource"
      }],
      "reference" : {
        "reference" : "StructureDefinition/as-dr-practitioner"
      },
      "name" : "AS Donnée Restreinte Practitioner Profile",
      "description" : "Profil restreint créé à partir de as-practitioner dans le contexte des données en accès restreint de l’Annuaire Santé.",
      "exampleBoolean" : false
    },
    {
      "extension" : [{
        "url" : "http://hl7.org/fhir/tools/StructureDefinition/resource-information",
        "valueString" : "StructureDefinition:resource"
      }],
      "reference" : {
        "reference" : "StructureDefinition/as-dr-practitionerrole"
      },
      "name" : "AS Donnée Restreinte PractitionerRole Profile",
      "description" : "Profil restreint créé à partir de as-practitionerrole dans le contexte des données en accès restreint de l’Annuaire Santé.",
      "exampleBoolean" : false
    },
    {
      "extension" : [{
        "url" : "http://hl7.org/fhir/tools/StructureDefinition/resource-information",
        "valueString" : "StructureDefinition:extension"
      }],
      "reference" : {
        "reference" : "StructureDefinition/as-ext-education-level"
      },
      "name" : "AS Education Level Extension",
      "description" : "Extension créée dans le cadre de l'Annuaire Santé pour décrire le niveau de formation acquis d'un étudiant.",
      "exampleBoolean" : false
    },
    {
      "extension" : [{
        "url" : "http://hl7.org/fhir/tools/StructureDefinition/resource-information",
        "valueString" : "StructureDefinition:resource"
      }],
      "reference" : {
        "reference" : "StructureDefinition/as-healthcareservice-healthcare-activity"
      },
      "name" : "AS HealthcareService HealthCare Activity Profile",
      "description" : "Profil générique créé à partir de HealthcareService dans le contexte de l'Annuaire Santé pour décrire les activités sanitaires rattachées à un établissement FINESS.",
      "exampleBoolean" : false
    },
    {
      "extension" : [{
        "url" : "http://hl7.org/fhir/tools/StructureDefinition/resource-information",
        "valueString" : "StructureDefinition:resource"
      }],
      "reference" : {
        "reference" : "StructureDefinition/as-healthcareservice-social-equipment"
      },
      "name" : "AS HealthcareService Social Equipment Profile",
      "description" : "Profil générique créé à partir de HealthcareService dans le contexte de l'Annuaire Santé pour décrire les équipements sociaux représentant les activités des établissements du domaine social et médico-social enregistrés dans FINESS.",
      "exampleBoolean" : false
    },
    {
      "extension" : [{
        "url" : "http://hl7.org/fhir/tools/StructureDefinition/resource-information",
        "valueString" : "StructureDefinition:extension"
      }],
      "reference" : {
        "reference" : "StructureDefinition/as-ext-installation"
      },
      "name" : "AS Installation Extension",
      "description" : "Extension créée dans le cadre de l'Annuaire Santé pour décrire les dates d'installation des activités (HealthcareService) sanitaires, sociales, médico-sociales et d'enseignement et des équipements matériels (Device) lourds autorisés.",
      "exampleBoolean" : false
    },
    {
      "extension" : [{
        "url" : "http://hl7.org/fhir/tools/StructureDefinition/resource-information",
        "valueString" : "StructureDefinition:extension"
      }],
      "reference" : {
        "reference" : "StructureDefinition/as-ext-lieu-dit"
      },
      "name" : "AS Lieu Dit Extension",
      "description" : "Extension créée dans le cadre de l'Annuaire Santé pour indiquer le lieu dit",
      "exampleBoolean" : false
    },
    {
      "extension" : [{
        "url" : "http://hl7.org/fhir/tools/StructureDefinition/resource-information",
        "valueString" : "StructureDefinition:resource"
      }],
      "reference" : {
        "reference" : "StructureDefinition/as-location"
      },
      "name" : "AS Location Profile",
      "description" : "Profil générique créé à partir de Location dans le contexte de l'Annuaire Santé pour prise en compte de l'adresse du professionnel au niveau du profil AsPractitionerRoleProfile.",
      "exampleBoolean" : false
    },
    {
      "extension" : [{
        "url" : "http://hl7.org/fhir/tools/StructureDefinition/resource-information",
        "valueString" : "StructureDefinition:extension"
      }],
      "reference" : {
        "reference" : "StructureDefinition/as-ext-mailbox-mss-metadata"
      },
      "name" : "AS Mailbox Metadata",
      "description" : "Extension contenant les métadonnées de la mailbox mss.",
      "exampleBoolean" : false
    },
    {
      "extension" : [{
        "url" : "http://hl7.org/fhir/tools/StructureDefinition/resource-information",
        "valueString" : "StructureDefinition:complex-type"
      }],
      "reference" : {
        "reference" : "StructureDefinition/as-mailbox-mss"
      },
      "name" : "AS Mailbox MSS Datatype Profile",
      "description" : "Datatype profile créé à partir ContactPoint dans le cadre de l'Annuaire Santé pour décrire les boîtes aux lettres du service de messagerie sécurisée de santé (MSSanté) rattachées aux professionnels et aux structures.",
      "exampleBoolean" : false
    },
    {
      "extension" : [{
        "url" : "http://hl7.org/fhir/tools/StructureDefinition/resource-information",
        "valueString" : "StructureDefinition:extension"
      }],
      "reference" : {
        "reference" : "StructureDefinition/as-ext-organization-authorization-deadline"
      },
      "name" : "AS Organization Authorization Deadline Extension",
      "description" : "Extension créée dans le cadre de l'Annuaire Santé pour prise en compte de la caducité de l'autorisation sanitaire.",
      "exampleBoolean" : false
    },
    {
      "extension" : [{
        "url" : "http://hl7.org/fhir/tools/StructureDefinition/resource-information",
        "valueString" : "StructureDefinition:extension"
      }],
      "reference" : {
        "reference" : "StructureDefinition/as-ext-organization-budget-type"
      },
      "name" : "AS Organization Budget Type Extension",
      "description" : "Extension créée dans le cadre de l'Annuaire Santé pour prise en compte de la nature du budget alloué à la structure.",
      "exampleBoolean" : false
    },
    {
      "extension" : [{
        "url" : "http://hl7.org/fhir/tools/StructureDefinition/resource-information",
        "valueString" : "StructureDefinition:extension"
      }],
      "reference" : {
        "reference" : "StructureDefinition/as-ext-organization-closing-type"
      },
      "name" : "AS Organization Closing Type Extension",
      "description" : "Extension créée dans le cadre de l'Annuaire Santé pour prise en compte du type de fermeture de la structure.",
      "exampleBoolean" : false
    },
    {
      "extension" : [{
        "url" : "http://hl7.org/fhir/tools/StructureDefinition/resource-information",
        "valueString" : "StructureDefinition:extension"
      }],
      "reference" : {
        "reference" : "StructureDefinition/as-ext-organization-pharmacy-licence"
      },
      "name" : "AS Organization Pharmacy Licence Extension",
      "description" : "Extension créée dans le cadre de l'Annuaire Santé pour prise en compte de la licence d’exploitation d’une officine.",
      "exampleBoolean" : false
    },
    {
      "extension" : [{
        "url" : "http://hl7.org/fhir/tools/StructureDefinition/resource-information",
        "valueString" : "StructureDefinition:extension"
      }],
      "reference" : {
        "reference" : "StructureDefinition/as-ext-organization-pricing-model"
      },
      "name" : "AS Organization Pricing Model Extension",
      "description" : "Extension créée dans le cadre de l'Annuaire Santé pour prise en compte du mode de tarification de la structure.",
      "exampleBoolean" : false
    },
    {
      "extension" : [{
        "url" : "http://hl7.org/fhir/tools/StructureDefinition/resource-information",
        "valueString" : "StructureDefinition:resource"
      }],
      "reference" : {
        "reference" : "StructureDefinition/as-organization"
      },
      "name" : "AS Organization Profile",
      "description" : "Profil générique créé à partir de FrOrganization dans le contexte de l'Annuaire Santé pour décrire les organismes du domaine sanitaire, médico-social et social immatriculés dans le fichier national des établissements sanitaires et sociaux (FINESS) ou dans le Système Informatique pour le Répertoire des Entreprises et de leurs Établissements (SIRENE) dédié aux entreprises, associations et organismes du secteur public.",
      "exampleBoolean" : false
    },
    {
      "extension" : [{
        "url" : "http://hl7.org/fhir/tools/StructureDefinition/resource-information",
        "valueString" : "StructureDefinition:extension"
      }],
      "reference" : {
        "reference" : "StructureDefinition/as-ext-organization-types"
      },
      "name" : "AS Organization Types",
      "description" : "Extension pour discriminer les organization types.",
      "exampleBoolean" : false
    },
    {
      "extension" : [{
        "url" : "http://hl7.org/fhir/tools/StructureDefinition/resource-information",
        "valueString" : "StructureDefinition:extension"
      }],
      "reference" : {
        "reference" : "StructureDefinition/as-ext-patient-type"
      },
      "name" : "AS Patient Type Extension",
      "description" : "Extension créée dans le cadre de l'Annuaire Santé pour décrire un ensemble de personnes qui répondent à des critères leur permettant de  bénéficier de la discipline décrite.",
      "exampleBoolean" : false
    },
    {
      "extension" : [{
        "url" : "http://hl7.org/fhir/tools/StructureDefinition/resource-information",
        "valueString" : "StructureDefinition:extension"
      }],
      "reference" : {
        "reference" : "StructureDefinition/as-ext-person-birth-place"
      },
      "name" : "AS Person Birth Place Extension",
      "description" : "Extension créée dans le cadre de l'Annuaire Santé pour prise en compte du lieu de naissance du professionnel en tant que personne physique.",
      "exampleBoolean" : false
    },
    {
      "extension" : [{
        "url" : "http://hl7.org/fhir/tools/StructureDefinition/resource-information",
        "valueString" : "StructureDefinition:extension"
      }],
      "reference" : {
        "reference" : "StructureDefinition/as-ext-person-deceased-date-time"
      },
      "name" : "AS Person Deceased Date Time Extension",
      "description" : "Extension créée dans le cadre de l'Annuaire Santé pour prise en compte de la date de décès du professionnel (Date of death of the Person if applicable).",
      "exampleBoolean" : false
    },
    {
      "extension" : [{
        "url" : "http://hl7.org/fhir/tools/StructureDefinition/resource-information",
        "valueString" : "StructureDefinition:extension"
      }],
      "reference" : {
        "reference" : "StructureDefinition/as-ext-person-nationality"
      },
      "name" : "AS Person Nationality Extension",
      "description" : "Extension créée dans le cadre de l'Annuaire Santé pour prise en compte de la nationalité du professionel (Person).",
      "exampleBoolean" : false
    },
    {
      "extension" : [{
        "url" : "http://hl7.org/fhir/tools/StructureDefinition/resource-information",
        "valueString" : "StructureDefinition:resource"
      }],
      "reference" : {
        "reference" : "StructureDefinition/as-person"
      },
      "name" : "AS Person Profile",
      "description" : "Profil générique créé à partir de Person dans le contexte de l'Annuaire Santé pour décrire les différents concepts utilisés pour définir et caractériser un professionnel en tant que personne physique (données restreintes).",
      "exampleBoolean" : false
    },
    {
      "extension" : [{
        "url" : "http://hl7.org/fhir/tools/StructureDefinition/resource-information",
        "valueString" : "StructureDefinition:extension"
      }],
      "reference" : {
        "reference" : "StructureDefinition/as-ext-practitioner-authorization"
      },
      "name" : "AS Practitioner Authorization Extension",
      "description" : "Extension créée dans le cadre de l'Annuaire Santé pour prise en compte de l'autorisation d'exercice du professionnel (AutorisationExercice).",
      "exampleBoolean" : false
    },
    {
      "extension" : [{
        "url" : "http://hl7.org/fhir/tools/StructureDefinition/resource-information",
        "valueString" : "StructureDefinition:resource"
      }],
      "reference" : {
        "reference" : "StructureDefinition/as-practitioner"
      },
      "name" : "AS Practitioner Profile",
      "description" : "Profil générique créé à partir de FrPractitioner dans le contexte de l'Annuaire Santé pour décrire les données d'identification pérennes d’une personne physique, qui travaille en tant que professionnel (professionnel enregistré dans RPPS ou ADELI), personnel autorisé ou personnel d’établissement, dans les domaines sanitaire, médico-social et social.",
      "exampleBoolean" : false
    },
    {
      "extension" : [{
        "url" : "http://hl7.org/fhir/tools/StructureDefinition/resource-information",
        "valueString" : "StructureDefinition:extension"
      }],
      "reference" : {
        "reference" : "StructureDefinition/as-ext-practitionerrole-contracted"
      },
      "name" : "AS PractitionerRole Contracted",
      "description" : "Extension créée dans le cadre de l'Annuaire Santé pour décrire le secteur de conventionnement du professionnel libéral auquel il a adhéré auprès de l'Assurance Maladie.",
      "exampleBoolean" : false
    },
    {
      "extension" : [{
        "url" : "http://hl7.org/fhir/tools/StructureDefinition/resource-information",
        "valueString" : "StructureDefinition:extension"
      }],
      "reference" : {
        "reference" : "StructureDefinition/as-ext-practitionerrole-hascas"
      },
      "name" : "AS PractitionerRole Has CAS",
      "description" : "Extension créée dans le cadre de l'Annuaire Santé pour décrire le contrat d'accès aux soins (CAS), remplacée récemment par l'option pratique tarifaire maîtrisée (OPTAM).",
      "exampleBoolean" : false
    },
    {
      "extension" : [{
        "url" : "http://hl7.org/fhir/tools/StructureDefinition/resource-information",
        "valueString" : "StructureDefinition:resource"
      }],
      "reference" : {
        "reference" : "StructureDefinition/as-practitionerrole"
      },
      "name" : "AS PractitionerRole Profile",
      "description" : "Profil générique créé à partir de FrPractitionerRoleExercice dans le contexte de l'Annuaire Santé pour décrire la situation d'exercice du professionnel.",
      "exampleBoolean" : false
    },
    {
      "extension" : [{
        "url" : "http://hl7.org/fhir/tools/StructureDefinition/resource-information",
        "valueString" : "StructureDefinition:extension"
      }],
      "reference" : {
        "reference" : "StructureDefinition/as-ext-practitionerrole-vitale-accepted"
      },
      "name" : "AS PractitionerRole Vitale Accepted",
      "description" : "Extension créée dans le cadre de l'Annuaire Santé pour décrire l’indicateur Carte Vitale acceptée (oui/non).",
      "exampleBoolean" : false
    },
    {
      "extension" : [{
        "url" : "http://hl7.org/fhir/tools/StructureDefinition/resource-information",
        "valueString" : "StructureDefinition:extension"
      }],
      "reference" : {
        "reference" : "StructureDefinition/as-ext-registration"
      },
      "name" : "AS Registration Extension",
      "description" : "Extension créée dans le cadre de l'Annuaire Santé pour prise en compte de la première inscription si \"isFirst = true\". Ces données sont uniquement accessibles en accès restreint.",
      "exampleBoolean" : false
    },
    {
      "extension" : [{
        "url" : "http://hl7.org/fhir/tools/StructureDefinition/resource-information",
        "valueString" : "StructureDefinition:extension"
      }],
      "reference" : {
        "reference" : "StructureDefinition/as-ext-smartcard"
      },
      "name" : "AS Smart Card Extension",
      "description" : "Extension créée dans le cadre de l'Annuaire Santé pour décrire les informations de la carte CPx utilisée comme moyen d’identification des personnes physiques.",
      "exampleBoolean" : false
    },
    {
      "extension" : [{
        "url" : "http://hl7.org/fhir/tools/StructureDefinition/resource-information",
        "valueString" : "StructureDefinition:extension"
      }],
      "reference" : {
        "reference" : "StructureDefinition/as-ext-supported-capacity"
      },
      "name" : "AS Supported Capacity Extension",
      "description" : "Extension créée dans le cadre de l'Annuaire Santé pour indiquer le nombre de personnes pouvant être accueillies en même temps et les capacités d'hébergement.",
      "exampleBoolean" : false
    },
    {
      "extension" : [{
        "url" : "http://hl7.org/fhir/tools/StructureDefinition/resource-information",
        "valueString" : "ValueSet"
      }],
      "reference" : {
        "reference" : "ValueSet/as-vs-intern-id-systems"
      },
      "name" : "AS ValueSet Internal Identifier Systems",
      "description" : "ValueSet contenant les identifiants internes",
      "exampleBoolean" : false
    },
    {
      "extension" : [{
        "url" : "http://hl7.org/fhir/tools/StructureDefinition/resource-information",
        "valueString" : "ValueSet"
      }],
      "reference" : {
        "reference" : "ValueSet/as-vs-organization-types"
      },
      "name" : "AS ValueSet OrganizationTypes",
      "description" : "ValueSet définissant les types d'organisation",
      "exampleBoolean" : false
    },
    {
      "extension" : [{
        "url" : "http://hl7.org/fhir/tools/StructureDefinition/resource-information",
        "valueString" : "ValueSet"
      }],
      "reference" : {
        "reference" : "ValueSet/as-vs-type-systeme-information"
      },
      "name" : "AS ValueSet type de système d'information",
      "description" : "ValueSet définissant les types de systèmes d'information pouvant alimenter l'annuaire santé.",
      "exampleBoolean" : false
    },
    {
      "extension" : [{
        "url" : "http://hl7.org/fhir/tools/StructureDefinition/resource-information",
        "valueString" : "SearchParameter"
      }],
      "reference" : {
        "reference" : "SearchParameter/as-sp-data-information-system"
      },
      "name" : "as-sp-data-information-system",
      "description" : "Paramètre de recherche pour récupérer une ressource par système d'information de provenance des données.",
      "exampleBoolean" : false
    },
    {
      "extension" : [{
        "url" : "http://hl7.org/fhir/tools/StructureDefinition/resource-information",
        "valueString" : "SearchParameter"
      }],
      "reference" : {
        "reference" : "SearchParameter/as-sp-data-registration-authority"
      },
      "name" : "as-sp-data-registration-authority",
      "description" : "Paramètre de recherche pour récupérer une ressource par autorité d'enregistrement des données.",
      "exampleBoolean" : false
    },
    {
      "extension" : [{
        "url" : "http://hl7.org/fhir/tools/StructureDefinition/resource-information",
        "valueString" : "SearchParameter"
      }],
      "reference" : {
        "reference" : "SearchParameter/as-sp-insee-code"
      },
      "name" : "as-sp-insee-code",
      "description" : "Paramètre de recherche pour récupérer une organisation, par code Insee. Cf http://www.sirius-upvm.net/doc/usuels/codes_postaux.html",
      "exampleBoolean" : false
    },
    {
      "extension" : [{
        "url" : "http://hl7.org/fhir/tools/StructureDefinition/resource-information",
        "valueString" : "SearchParameter"
      }],
      "reference" : {
        "reference" : "SearchParameter/as-sp-mailbox-mss"
      },
      "name" : "as-sp-mailbox-mss",
      "description" : "Paramètre de recherche pour récupérer une organisation, un praticien ou une situation d'exercice par adresse MSSanté.",
      "exampleBoolean" : false
    },
    {
      "extension" : [{
        "url" : "http://hl7.org/fhir/tools/StructureDefinition/resource-information",
        "valueString" : "SearchParameter"
      }],
      "reference" : {
        "reference" : "SearchParameter/as-sp-number-smartcard"
      },
      "name" : "as-sp-number-smartcard",
      "description" : "Paramètre de recherche pour récupérer les situations d'exercice d'un professionnel par son numéro de carte CPx.",
      "exampleBoolean" : false
    },
    {
      "extension" : [{
        "url" : "http://hl7.org/fhir/tools/StructureDefinition/resource-information",
        "valueString" : "SearchParameter"
      }],
      "reference" : {
        "reference" : "SearchParameter/as-sp-pharmacy-licence"
      },
      "name" : "as-sp-pharmacy-licence",
      "description" : "Paramètre de recherche pour récupérer une pharmacie par son numéro de licence.",
      "exampleBoolean" : false
    },
    {
      "extension" : [{
        "url" : "http://hl7.org/fhir/tools/StructureDefinition/resource-information",
        "valueString" : "SearchParameter"
      }],
      "reference" : {
        "reference" : "SearchParameter/as-sp-qualification-code"
      },
      "name" : "as-sp-qualification-code",
      "description" : "Paramètre de recherche pour rechercher par code de qualification.",
      "exampleBoolean" : false
    },
    {
      "extension" : [{
        "url" : "http://hl7.org/fhir/tools/StructureDefinition/resource-information",
        "valueString" : "SearchParameter"
      }],
      "reference" : {
        "reference" : "SearchParameter/as-sp-type-smartcard"
      },
      "name" : "as-sp-type-smartcard",
      "description" : "Paramètre de recherche pour récupérer les situations d'exercice d'un professionnel par type de carte CPx.",
      "exampleBoolean" : false
    },
    {
      "extension" : [{
        "url" : "http://hl7.org/fhir/tools/StructureDefinition/resource-information",
        "valueString" : "CapabilityStatement"
      }],
      "reference" : {
        "reference" : "CapabilityStatement/AsServerCapabilityStatement"
      },
      "name" : "AsServerCapabilityStatement",
      "exampleBoolean" : false
    },
    {
      "extension" : [{
        "url" : "http://hl7.org/fhir/tools/StructureDefinition/resource-information",
        "valueString" : "Organization"
      }],
      "reference" : {
        "reference" : "Organization/example-organization-fictive"
      },
      "name" : "example-organization-fictive",
      "exampleCanonical" : "https://interop.esante.gouv.fr/ig/fhir/annuaire/StructureDefinition/as-organization"
    },
    {
      "extension" : [{
        "url" : "http://hl7.org/fhir/tools/StructureDefinition/resource-information",
        "valueString" : "Organization"
      }],
      "reference" : {
        "reference" : "Organization/example-organization-nancy"
      },
      "name" : "example-organization-nancy",
      "exampleCanonical" : "https://interop.esante.gouv.fr/ig/fhir/annuaire/StructureDefinition/as-organization"
    },
    {
      "extension" : [{
        "url" : "http://hl7.org/fhir/tools/StructureDefinition/resource-information",
        "valueString" : "Organization"
      }],
      "reference" : {
        "reference" : "Organization/481677DP"
      },
      "name" : "pp16dp-organization",
      "exampleCanonical" : "https://interop.esante.gouv.fr/ig/fhir/annuaire/StructureDefinition/as-dp-organization"
    },
    {
      "extension" : [{
        "url" : "http://hl7.org/fhir/tools/StructureDefinition/resource-information",
        "valueString" : "Practitioner"
      }],
      "reference" : {
        "reference" : "Practitioner/3719500DP"
      },
      "name" : "pp16dp-practitioner",
      "exampleCanonical" : "https://interop.esante.gouv.fr/ig/fhir/annuaire/StructureDefinition/as-dp-practitioner"
    },
    {
      "extension" : [{
        "url" : "http://hl7.org/fhir/tools/StructureDefinition/resource-information",
        "valueString" : "PractitionerRole"
      }],
      "reference" : {
        "reference" : "PractitionerRole/5015602DP"
      },
      "name" : "pp16dp-practitioner-role",
      "exampleCanonical" : "https://interop.esante.gouv.fr/ig/fhir/annuaire/StructureDefinition/as-dp-practitionerrole"
    },
    {
      "extension" : [{
        "url" : "http://hl7.org/fhir/tools/StructureDefinition/resource-information",
        "valueString" : "Organization"
      }],
      "reference" : {
        "reference" : "Organization/481677"
      },
      "name" : "pp16dr-organization",
      "exampleCanonical" : "https://interop.esante.gouv.fr/ig/fhir/annuaire/StructureDefinition/as-dr-organization"
    },
    {
      "extension" : [{
        "url" : "http://hl7.org/fhir/tools/StructureDefinition/resource-information",
        "valueString" : "Person"
      }],
      "reference" : {
        "reference" : "Person/pp16dr-person"
      },
      "name" : "pp16dr-person",
      "exampleCanonical" : "https://interop.esante.gouv.fr/ig/fhir/annuaire/StructureDefinition/as-dr-person"
    },
    {
      "extension" : [{
        "url" : "http://hl7.org/fhir/tools/StructureDefinition/resource-information",
        "valueString" : "Practitioner"
      }],
      "reference" : {
        "reference" : "Practitioner/3719500"
      },
      "name" : "pp16dr-practitioner",
      "exampleCanonical" : "https://interop.esante.gouv.fr/ig/fhir/annuaire/StructureDefinition/as-dr-practitioner"
    },
    {
      "extension" : [{
        "url" : "http://hl7.org/fhir/tools/StructureDefinition/resource-information",
        "valueString" : "PractitionerRole"
      }],
      "reference" : {
        "reference" : "PractitionerRole/5015602"
      },
      "name" : "pp16dr-practitioner-role",
      "exampleCanonical" : "https://interop.esante.gouv.fr/ig/fhir/annuaire/StructureDefinition/as-dr-practitionerrole"
    },
    {
      "extension" : [{
        "url" : "http://hl7.org/fhir/tools/StructureDefinition/resource-information",
        "valueString" : "Organization"
      }],
      "reference" : {
        "reference" : "Organization/158480DP"
      },
      "name" : "pp19dp-organization-eg-cab",
      "exampleCanonical" : "https://interop.esante.gouv.fr/ig/fhir/annuaire/StructureDefinition/as-dp-organization"
    },
    {
      "extension" : [{
        "url" : "http://hl7.org/fhir/tools/StructureDefinition/resource-information",
        "valueString" : "Organization"
      }],
      "reference" : {
        "reference" : "Organization/548812DP"
      },
      "name" : "pp19dp-organization-ej-cab",
      "exampleCanonical" : "https://interop.esante.gouv.fr/ig/fhir/annuaire/StructureDefinition/as-dp-organization"
    },
    {
      "extension" : [{
        "url" : "http://hl7.org/fhir/tools/StructureDefinition/resource-information",
        "valueString" : "Practitioner"
      }],
      "reference" : {
        "reference" : "Practitioner/334081DP"
      },
      "name" : "pp19dp-practitioner",
      "exampleCanonical" : "https://interop.esante.gouv.fr/ig/fhir/annuaire/StructureDefinition/as-dp-practitioner"
    },
    {
      "extension" : [{
        "url" : "http://hl7.org/fhir/tools/StructureDefinition/resource-information",
        "valueString" : "PractitionerRole"
      }],
      "reference" : {
        "reference" : "PractitionerRole/1738459DP"
      },
      "name" : "pp19dp-practitioner-role-lib",
      "exampleCanonical" : "https://interop.esante.gouv.fr/ig/fhir/annuaire/StructureDefinition/as-dp-practitionerrole"
    },
    {
      "extension" : [{
        "url" : "http://hl7.org/fhir/tools/StructureDefinition/resource-information",
        "valueString" : "PractitionerRole"
      }],
      "reference" : {
        "reference" : "PractitionerRole/1578230DP"
      },
      "name" : "pp19dp-practitioner-role-sal",
      "exampleCanonical" : "https://interop.esante.gouv.fr/ig/fhir/annuaire/StructureDefinition/as-dp-practitionerrole"
    },
    {
      "extension" : [{
        "url" : "http://hl7.org/fhir/tools/StructureDefinition/resource-information",
        "valueString" : "Organization"
      }],
      "reference" : {
        "reference" : "Organization/158480"
      },
      "name" : "pp19dr-organization-eg-cab",
      "exampleCanonical" : "https://interop.esante.gouv.fr/ig/fhir/annuaire/StructureDefinition/as-dr-organization"
    },
    {
      "extension" : [{
        "url" : "http://hl7.org/fhir/tools/StructureDefinition/resource-information",
        "valueString" : "Organization"
      }],
      "reference" : {
        "reference" : "Organization/548812"
      },
      "name" : "pp19dr-organization-ej-cab",
      "exampleCanonical" : "https://interop.esante.gouv.fr/ig/fhir/annuaire/StructureDefinition/as-dr-organization"
    },
    {
      "extension" : [{
        "url" : "http://hl7.org/fhir/tools/StructureDefinition/resource-information",
        "valueString" : "Person"
      }],
      "reference" : {
        "reference" : "Person/pp19dr-person"
      },
      "name" : "pp19dr-person",
      "exampleCanonical" : "https://interop.esante.gouv.fr/ig/fhir/annuaire/StructureDefinition/as-dr-person"
    },
    {
      "extension" : [{
        "url" : "http://hl7.org/fhir/tools/StructureDefinition/resource-information",
        "valueString" : "Practitioner"
      }],
      "reference" : {
        "reference" : "Practitioner/334081"
      },
      "name" : "pp19dr-practitioner",
      "exampleCanonical" : "https://interop.esante.gouv.fr/ig/fhir/annuaire/StructureDefinition/as-dr-practitioner"
    },
    {
      "extension" : [{
        "url" : "http://hl7.org/fhir/tools/StructureDefinition/resource-information",
        "valueString" : "PractitionerRole"
      }],
      "reference" : {
        "reference" : "PractitionerRole/1738459"
      },
      "name" : "pp19dr-practitioner-role-lib",
      "exampleCanonical" : "https://interop.esante.gouv.fr/ig/fhir/annuaire/StructureDefinition/as-dr-practitionerrole"
    },
    {
      "extension" : [{
        "url" : "http://hl7.org/fhir/tools/StructureDefinition/resource-information",
        "valueString" : "PractitionerRole"
      }],
      "reference" : {
        "reference" : "PractitionerRole/1578230"
      },
      "name" : "pp19dr-practitioner-role-sal",
      "exampleCanonical" : "https://interop.esante.gouv.fr/ig/fhir/annuaire/StructureDefinition/as-dr-practitionerrole"
    },
    {
      "extension" : [{
        "url" : "http://hl7.org/fhir/tools/StructureDefinition/resource-information",
        "valueString" : "ValueSet"
      }],
      "reference" : {
        "reference" : "ValueSet/VS-TRE-R286-TypeFermeture"
      },
      "name" : "ValueSet pour l'ensemble des codes concepts de la TRE avec l'url : https://mos.esante.gouv.fr/NOS/TRE_R286-TypeFermeture/FHIR/TRE-R286-TypeFermeture",
      "description" : "JDV des NOS contenant l'ensemble des codes concepts de la TRE avec l'url : https://mos.esante.gouv.fr/NOS/TRE_R286-TypeFermeture/FHIR/TRE-R286-TypeFermeture",
      "exampleBoolean" : false
    },
    {
      "extension" : [{
        "url" : "http://hl7.org/fhir/tools/StructureDefinition/resource-information",
        "valueString" : "ValueSet"
      }],
      "reference" : {
        "reference" : "ValueSet/VS-TRE-R301-SourceInformationInstallation"
      },
      "name" : "ValueSet pour l'ensemble des codes concepts de la TRE avec l'url : https://mos.esante.gouv.fr/NOS/TRE_R301-SourceInformationInstallation/FHIR/TRE-R301-SourceInformationInstallation",
      "description" : "JDV des NOS contenant l'ensemble des codes concepts de la TRE avec l'url : https://mos.esante.gouv.fr/NOS/TRE_R301-SourceInformationInstallation/FHIR/TRE-R301-SourceInformationInstallation",
      "exampleBoolean" : false
    },
    {
      "extension" : [{
        "url" : "http://hl7.org/fhir/tools/StructureDefinition/resource-information",
        "valueString" : "ValueSet"
      }],
      "reference" : {
        "reference" : "ValueSet/VS-TRE-R74-ModeFixationTarifaire"
      },
      "name" : "ValueSet pour l'ensemble des codes concepts de la TRE avec l'url : https://mos.esante.gouv.fr/NOS/TRE_R74-ModeFixationTarifaire/FHIR/TRE-R74-ModeFixationTarifaire",
      "description" : "JDV des NOS contenant l'ensemble des codes concepts de la TRE avec l'url : https://mos.esante.gouv.fr/NOS/TRE_R74-ModeFixationTarifaire/FHIR/TRE-R74-ModeFixationTarifaire",
      "exampleBoolean" : false
    }],
    "page" : {
      "extension" : [{
        "url" : "http://hl7.org/fhir/tools/StructureDefinition/ig-page-name",
        "valueUrl" : "toc.html"
      }],
      "nameUrl" : "toc.html",
      "title" : "Table of Contents",
      "generation" : "html",
      "page" : [{
        "extension" : [{
          "url" : "http://hl7.org/fhir/tools/StructureDefinition/ig-page-name",
          "valueUrl" : "index.html"
        }],
        "nameUrl" : "index.html",
        "title" : "Accueil",
        "generation" : "markdown"
      },
      {
        "extension" : [{
          "url" : "http://hl7.org/fhir/tools/StructureDefinition/ig-page-name",
          "valueUrl" : "liste_profils.html"
        }],
        "nameUrl" : "liste_profils.html",
        "title" : "Liste des profils par permission",
        "generation" : "markdown"
      },
      {
        "extension" : [{
          "url" : "http://hl7.org/fhir/tools/StructureDefinition/ig-page-name",
          "valueUrl" : "downloads.html"
        }],
        "nameUrl" : "downloads.html",
        "title" : "Téléchargement du guide",
        "generation" : "markdown"
      }]
    },
    "parameter" : [{
      "code" : "path-resource",
      "value" : "input/capabilities"
    },
    {
      "code" : "path-resource",
      "value" : "input/examples"
    },
    {
      "code" : "path-resource",
      "value" : "input/extensions"
    },
    {
      "code" : "path-resource",
      "value" : "input/models"
    },
    {
      "code" : "path-resource",
      "value" : "input/operations"
    },
    {
      "code" : "path-resource",
      "value" : "input/profiles"
    },
    {
      "code" : "path-resource",
      "value" : "input/resources"
    },
    {
      "code" : "path-resource",
      "value" : "input/vocabulary"
    },
    {
      "code" : "path-resource",
      "value" : "input/maps"
    },
    {
      "code" : "path-resource",
      "value" : "input/testing"
    },
    {
      "code" : "path-resource",
      "value" : "input/history"
    },
    {
      "code" : "path-resource",
      "value" : "fsh-generated/resources"
    },
    {
      "code" : "path-pages",
      "value" : "template/config"
    },
    {
      "code" : "path-pages",
      "value" : "input/images"
    },
    {
      "code" : "path-tx-cache",
      "value" : "input-cache/txcache"
    }]
  }
}