URL,Version,Status,OIDs,Name,Title,Descriptino,Uses,Used,Sources
https://interop.esante.gouv.fr/ig/fhir/annuaire/ValueSet/VS-TRE-R286-TypeFermeture,1.1.0-snapshot-3,active,,VS_TRE_R286_TypeFermeture,ValueSet pour l'ensemble des codes concepts de la TRE avec l'url : https://mos.esante.gouv.fr/NOS/TRE_R286-TypeFermeture/FHIR/TRE-R286-TypeFermeture,"JDV des NOS contenant l'ensemble des codes concepts de la TRE avec l'url : https://mos.esante.gouv.fr/NOS/TRE_R286-TypeFermeture/FHIR/TRE-R286-TypeFermeture",,"ans.fr.nos"
https://interop.esante.gouv.fr/ig/fhir/annuaire/ValueSet/VS-TRE-R301-SourceInformationInstallation,1.1.0-snapshot-3,active,,VS_TRE_R301_SourceInformationInstallation,ValueSet pour l'ensemble des codes concepts de la TRE avec l'url : https://mos.esante.gouv.fr/NOS/TRE_R301-SourceInformationInstallation/FHIR/TRE-R301-SourceInformationInstallation,"JDV des NOS contenant l'ensemble des codes concepts de la TRE avec l'url : https://mos.esante.gouv.fr/NOS/TRE_R301-SourceInformationInstallation/FHIR/TRE-R301-SourceInformationInstallation",,"ans.fr.nos"
https://interop.esante.gouv.fr/ig/fhir/annuaire/ValueSet/VS-TRE-R74-ModeFixationTarifaire,1.1.0-snapshot-3,active,,VS_TRE_R74_ModeFixationTarifaire,ValueSet pour l'ensemble des codes concepts de la TRE avec l'url : https://mos.esante.gouv.fr/NOS/TRE_R74-ModeFixationTarifaire/FHIR/TRE-R74-ModeFixationTarifaire,"JDV des NOS contenant l'ensemble des codes concepts de la TRE avec l'url : https://mos.esante.gouv.fr/NOS/TRE_R74-ModeFixationTarifaire/FHIR/TRE-R74-ModeFixationTarifaire",,"ans.fr.nos"
https://interop.esante.gouv.fr/ig/fhir/annuaire/ValueSet/as-vs-intern-id-systems,1.1.0-snapshot-3,active,,AsVSInterneIdSystems,AS ValueSet Internal Identifier Systems,"ValueSet contenant les identifiants internes",,"Internal"
https://interop.esante.gouv.fr/ig/fhir/annuaire/ValueSet/as-vs-organization-types,1.1.0-snapshot-3,active,,AsVsOrganizationTypes,AS ValueSet OrganizationTypes,"ValueSet définissant les types d'organisation",,"Internal"
https://interop.esante.gouv.fr/ig/fhir/annuaire/ValueSet/as-vs-type-systeme-information,1.1.0-snapshot-3,active,,AsVsTypeSystemeInformationVS,AS ValueSet type de système d'information,"ValueSet définissant les types de systèmes d'information pouvant alimenter l'annuaire santé.",,"Internal"
