{
  "resourceType" : "ValueSet",
  "id" : "as-vs-intern-id-systems",
  "meta" : {
    "profile" : ["http://hl7.org/fhir/StructureDefinition/shareablevalueset"]
  },
  "text" : {
    "status" : "generated",
    "div" : "<div xmlns=\"http://www.w3.org/1999/xhtml\"><p class=\"res-header-id\"><b>Generated Narrative: ValueSet as-vs-intern-id-systems</b></p><a name=\"as-vs-intern-id-systems\"> </a><a name=\"hcas-vs-intern-id-systems\"> </a><a name=\"as-vs-intern-id-systems-fr-FR\"> </a><ul><li>Include all codes defined in <a href=\"CodeSystem-as-cs-intern-id-systems.html\"><code>https://interop.esante.gouv.fr/ig/fhir/annuaire/CodeSystem/as-cs-intern-id-systems</code></a></li></ul></div>"
  },
  "url" : "https://interop.esante.gouv.fr/ig/fhir/annuaire/ValueSet/as-vs-intern-id-systems",
  "version" : "1.1.0-snapshot-3",
  "name" : "AsVSInterneIdSystems",
  "title" : "AS ValueSet Internal Identifier Systems",
  "status" : "active",
  "experimental" : false,
  "date" : "2024-09-12T13:29:53+00:00",
  "publisher" : "Agence du Numérique en Santé (ANS) - 2-10 Rue d'Oradour-sur-Glane, 75015 Paris",
  "contact" : [{
    "name" : "Agence du Numérique en Santé (ANS) - 2-10 Rue d'Oradour-sur-Glane, 75015 Paris",
    "telecom" : [{
      "system" : "url",
      "value" : "https://esante.gouv.fr"
    },
    {
      "system" : "email",
      "value" : "monserviceclient.annuaire@esante.gouv.fr"
    }]
  }],
  "description" : "ValueSet contenant les identifiants internes",
  "jurisdiction" : [{
    "coding" : [{
      "system" : "urn:iso:std:iso:3166",
      "code" : "FR",
      "display" : "FRANCE"
    }]
  }],
  "compose" : {
    "include" : [{
      "system" : "https://interop.esante.gouv.fr/ig/fhir/annuaire/CodeSystem/as-cs-intern-id-systems"
    }]
  }
}