<?xml version="1.0" encoding="UTF-8"?>

<Bundle xmlns="http://hl7.org/fhir">
  <id value="48c0123d-d9da-49ce-b12d-89fd7642a5e9"/>
  <meta>
    <lastUpdated value="2024-09-12T11:56:22.040+00:00"/>
  </meta>
  <type value="collection"/>
  <entry>
    <fullUrl value="https://interop.esante.gouv.fr/ig/fhir/annuaire/ValueSet/VS-TRE-R286-TypeFermeture"/>
    <resource>
      <ValueSet>
        <meta>
          <profile value="http://hl7.org/fhir/StructureDefinition/shareablevalueset"/>
        </meta>
        <text>
          <status value="generated"/>
          <div xmlns="http://www.w3.org/1999/xhtml">
            <p class="res-header-id">
              <b>Generated Narrative: ValueSet </b>
            </p>
            <p style="border: black 1px dotted; background-color: #EEEEEE; padding: 8px; margin-bottom: 8px">Expansion based on 
              <a href="https://interop.esante.gouv.fr/ig/nos/1.3.0/CodeSystem-TRE-R286-TypeFermeture.html">codesystem TRE_R286-TypeFermeture v1.3.0 (CodeSystem)</a>
            </p>
            <p>This value set contains 6 concepts</p>
            <table class="codes">
              <tr>
                <td style="white-space:nowrap">
                  <b>Code</b>
                </td>
                <td>
                  <b>System</b>
                </td>
                <td>
                  <b>Display</b>
                </td>
              </tr>
              <tr>
                <td style="white-space:nowrap">
                  <a name="x-https://mos.esante.gouv.fr/NOS/TRE_R286-TypeFermeture/FHIR/TRE-R286-TypeFermeture-DEF"> </a>  
                  <a href="https://interop.esante.gouv.fr/ig/nos/1.3.0/CodeSystem-TRE-R286-TypeFermeture.html#TRE-R286-TypeFermeture-DEF">DEF</a>
                </td>
                <td>https://mos.esante.gouv.fr/NOS/TRE_R286-TypeFermeture/FHIR/TRE-R286-TypeFermeture</td>
                <td>Définitive</td>
              </tr>
              <tr>
                <td style="white-space:nowrap">
                  <a name="x-https://mos.esante.gouv.fr/NOS/TRE_R286-TypeFermeture/FHIR/TRE-R286-TypeFermeture-ERR"> </a>  
                  <a href="https://interop.esante.gouv.fr/ig/nos/1.3.0/CodeSystem-TRE-R286-TypeFermeture.html#TRE-R286-TypeFermeture-ERR">ERR</a>
                </td>
                <td>https://mos.esante.gouv.fr/NOS/TRE_R286-TypeFermeture/FHIR/TRE-R286-TypeFermeture</td>
                <td>Erreur</td>
              </tr>
              <tr>
                <td style="white-space:nowrap">
                  <a name="x-https://mos.esante.gouv.fr/NOS/TRE_R286-TypeFermeture/FHIR/TRE-R286-TypeFermeture-NDI"> </a>  
                  <a href="https://interop.esante.gouv.fr/ig/nos/1.3.0/CodeSystem-TRE-R286-TypeFermeture.html#TRE-R286-TypeFermeture-NDI">NDI</a>
                </td>
                <td>https://mos.esante.gouv.fr/NOS/TRE_R286-TypeFermeture/FHIR/TRE-R286-TypeFermeture</td>
                <td>Non défini</td>
              </tr>
              <tr>
                <td style="white-space:nowrap">
                  <a name="x-https://mos.esante.gouv.fr/NOS/TRE_R286-TypeFermeture/FHIR/TRE-R286-TypeFermeture-CHP"> </a>  
                  <a href="https://interop.esante.gouv.fr/ig/nos/1.3.0/CodeSystem-TRE-R286-TypeFermeture.html#TRE-R286-TypeFermeture-CHP">CHP</a>
                </td>
                <td>https://mos.esante.gouv.fr/NOS/TRE_R286-TypeFermeture/FHIR/TRE-R286-TypeFermeture</td>
                <td>Sortie du champ FINESS</td>
              </tr>
              <tr>
                <td style="white-space:nowrap">
                  <a name="x-https://mos.esante.gouv.fr/NOS/TRE_R286-TypeFermeture/FHIR/TRE-R286-TypeFermeture-EML"> </a>  
                  <a href="https://interop.esante.gouv.fr/ig/nos/1.3.0/CodeSystem-TRE-R286-TypeFermeture.html#TRE-R286-TypeFermeture-EML">EML</a>
                </td>
                <td>https://mos.esante.gouv.fr/NOS/TRE_R286-TypeFermeture/FHIR/TRE-R286-TypeFermeture</td>
                <td>Ancienne autorisation fonctionnement EML</td>
              </tr>
              <tr>
                <td style="white-space:nowrap">
                  <a name="x-https://mos.esante.gouv.fr/NOS/TRE_R286-TypeFermeture/FHIR/TRE-R286-TypeFermeture-PRO"> </a>  
                  <a href="https://interop.esante.gouv.fr/ig/nos/1.3.0/CodeSystem-TRE-R286-TypeFermeture.html#TRE-R286-TypeFermeture-PRO">PRO</a>
                </td>
                <td>https://mos.esante.gouv.fr/NOS/TRE_R286-TypeFermeture/FHIR/TRE-R286-TypeFermeture</td>
                <td>Provisoire</td>
              </tr>
            </table>
          </div>
        </text>
        <url value="https://interop.esante.gouv.fr/ig/fhir/annuaire/ValueSet/VS-TRE-R286-TypeFermeture"/>
        <version value="1.1.0-snapshot-3"/>
        <name value="VS_TRE_R286_TypeFermeture"/>
        <title value="ValueSet pour l'ensemble des codes concepts de la TRE avec l'url : https://mos.esante.gouv.fr/NOS/TRE_R286-TypeFermeture/FHIR/TRE-R286-TypeFermeture"/>
        <status value="active"/>
        <experimental value="false"/>
        <date value="2024-09-12T11:56:22+00:00"/>
        <jurisdiction>
          <coding>
            <system value="urn:iso:std:iso:3166"/>
            <code value="FR"/>
            <display value="FRANCE"/>
          </coding>
        </jurisdiction>
        <expansion>
          <identifier value="urn:uuid:478d84fb-5675-4e60-9b0d-df83d521fb5b"/>
          <timestamp value="2024-09-12T11:57:33+00:00"/>
          <total value="6"/>
          <offset value="0"/>
          <parameter>
            <name value="count"/>
            <valueInteger value="1000"/>
          </parameter>
          <parameter>
            <name value="offset"/>
            <valueInteger value="0"/>
          </parameter>
          <parameter>
            <name value="excludeNested"/>
            <valueBoolean value="false"/>
          </parameter>
          <parameter>
            <name value="used-codesystem"/>
            <valueUri value="https://mos.esante.gouv.fr/NOS/TRE_R286-TypeFermeture/FHIR/TRE-R286-TypeFermeture|1.3.0"/>
          </parameter>
          <contains>
            <system value="https://mos.esante.gouv.fr/NOS/TRE_R286-TypeFermeture/FHIR/TRE-R286-TypeFermeture"/>
            <code value="DEF"/>
            <display value="Définitive"/>
          </contains>
          <contains>
            <system value="https://mos.esante.gouv.fr/NOS/TRE_R286-TypeFermeture/FHIR/TRE-R286-TypeFermeture"/>
            <code value="ERR"/>
            <display value="Erreur"/>
          </contains>
          <contains>
            <system value="https://mos.esante.gouv.fr/NOS/TRE_R286-TypeFermeture/FHIR/TRE-R286-TypeFermeture"/>
            <code value="NDI"/>
            <display value="Non défini"/>
          </contains>
          <contains>
            <system value="https://mos.esante.gouv.fr/NOS/TRE_R286-TypeFermeture/FHIR/TRE-R286-TypeFermeture"/>
            <code value="CHP"/>
            <display value="Sortie du champ FINESS"/>
          </contains>
          <contains>
            <system value="https://mos.esante.gouv.fr/NOS/TRE_R286-TypeFermeture/FHIR/TRE-R286-TypeFermeture"/>
            <code value="EML"/>
            <display value="Ancienne autorisation fonctionnement EML"/>
          </contains>
          <contains>
            <system value="https://mos.esante.gouv.fr/NOS/TRE_R286-TypeFermeture/FHIR/TRE-R286-TypeFermeture"/>
            <code value="PRO"/>
            <display value="Provisoire"/>
          </contains>
        </expansion>
      </ValueSet>
    </resource>
  </entry>
  <entry>
    <fullUrl value="https://interop.esante.gouv.fr/ig/fhir/annuaire/ValueSet/VS-TRE-R301-SourceInformationInstallation"/>
    <resource>
      <ValueSet>
        <meta>
          <profile value="http://hl7.org/fhir/StructureDefinition/shareablevalueset"/>
        </meta>
        <text>
          <status value="generated"/>
          <div xmlns="http://www.w3.org/1999/xhtml">
            <p class="res-header-id">
              <b>Generated Narrative: ValueSet </b>
            </p>
            <p style="border: black 1px dotted; background-color: #EEEEEE; padding: 8px; margin-bottom: 8px">Expansion based on 
              <a href="https://interop.esante.gouv.fr/ig/nos/1.3.0/CodeSystem-TRE-R301-SourceInformationInstallation.html">codesystem TRE_R301-SourceInformationInstallation v1.3.0 (CodeSystem)</a>
            </p>
            <p>This value set contains 10 concepts</p>
            <table class="codes">
              <tr>
                <td style="white-space:nowrap">
                  <b>Code</b>
                </td>
                <td>
                  <b>System</b>
                </td>
                <td>
                  <b>Display</b>
                </td>
              </tr>
              <tr>
                <td style="white-space:nowrap">
                  <a name="x-https://mos.esante.gouv.fr/NOS/TRE_R301-SourceInformationInstallation/FHIR/TRE-R301-SourceInformationInstallation-V"> </a>  
                  <a href="https://interop.esante.gouv.fr/ig/nos/1.3.0/CodeSystem-TRE-R301-SourceInformationInstallation.html#TRE-R301-SourceInformationInstallation-V">V</a>
                </td>
                <td>https://mos.esante.gouv.fr/NOS/TRE_R301-SourceInformationInstallation/FHIR/TRE-R301-SourceInformationInstallation</td>
                <td>Visite de conformité</td>
              </tr>
              <tr>
                <td style="white-space:nowrap">
                  <a name="x-https://mos.esante.gouv.fr/NOS/TRE_R301-SourceInformationInstallation/FHIR/TRE-R301-SourceInformationInstallation-E"> </a>  
                  <a href="https://interop.esante.gouv.fr/ig/nos/1.3.0/CodeSystem-TRE-R301-SourceInformationInstallation.html#TRE-R301-SourceInformationInstallation-E">E</a>
                </td>
                <td>https://mos.esante.gouv.fr/NOS/TRE_R301-SourceInformationInstallation/FHIR/TRE-R301-SourceInformationInstallation</td>
                <td>Enquête statistique</td>
              </tr>
              <tr>
                <td style="white-space:nowrap">
                  <a name="x-https://mos.esante.gouv.fr/NOS/TRE_R301-SourceInformationInstallation/FHIR/TRE-R301-SourceInformationInstallation-I"> </a>  
                  <a href="https://interop.esante.gouv.fr/ig/nos/1.3.0/CodeSystem-TRE-R301-SourceInformationInstallation.html#TRE-R301-SourceInformationInstallation-I">I</a>
                </td>
                <td>https://mos.esante.gouv.fr/NOS/TRE_R301-SourceInformationInstallation/FHIR/TRE-R301-SourceInformationInstallation</td>
                <td>Interrogation de l'ET</td>
              </tr>
              <tr>
                <td style="white-space:nowrap">
                  <a name="x-https://mos.esante.gouv.fr/NOS/TRE_R301-SourceInformationInstallation/FHIR/TRE-R301-SourceInformationInstallation-D"> </a>  
                  <a href="https://interop.esante.gouv.fr/ig/nos/1.3.0/CodeSystem-TRE-R301-SourceInformationInstallation.html#TRE-R301-SourceInformationInstallation-D">D</a>
                </td>
                <td>https://mos.esante.gouv.fr/NOS/TRE_R301-SourceInformationInstallation/FHIR/TRE-R301-SourceInformationInstallation</td>
                <td>Document de tarification</td>
              </tr>
              <tr>
                <td style="white-space:nowrap">
                  <a name="x-https://mos.esante.gouv.fr/NOS/TRE_R301-SourceInformationInstallation/FHIR/TRE-R301-SourceInformationInstallation-S"> </a>  
                  <a href="https://interop.esante.gouv.fr/ig/nos/1.3.0/CodeSystem-TRE-R301-SourceInformationInstallation.html#TRE-R301-SourceInformationInstallation-S">S</a>
                </td>
                <td>https://mos.esante.gouv.fr/NOS/TRE_R301-SourceInformationInstallation/FHIR/TRE-R301-SourceInformationInstallation</td>
                <td>Inspection</td>
              </tr>
              <tr>
                <td style="white-space:nowrap">
                  <a name="x-https://mos.esante.gouv.fr/NOS/TRE_R301-SourceInformationInstallation/FHIR/TRE-R301-SourceInformationInstallation-C"> </a>  
                  <a href="https://interop.esante.gouv.fr/ig/nos/1.3.0/CodeSystem-TRE-R301-SourceInformationInstallation.html#TRE-R301-SourceInformationInstallation-C">C</a>
                </td>
                <td>https://mos.esante.gouv.fr/NOS/TRE_R301-SourceInformationInstallation/FHIR/TRE-R301-SourceInformationInstallation</td>
                <td>Convention</td>
              </tr>
              <tr>
                <td style="white-space:nowrap">
                  <a name="x-https://mos.esante.gouv.fr/NOS/TRE_R301-SourceInformationInstallation/FHIR/TRE-R301-SourceInformationInstallation-L"> </a>  
                  <a href="https://interop.esante.gouv.fr/ig/nos/1.3.0/CodeSystem-TRE-R301-SourceInformationInstallation.html#TRE-R301-SourceInformationInstallation-L">L</a>
                </td>
                <td>https://mos.esante.gouv.fr/NOS/TRE_R301-SourceInformationInstallation/FHIR/TRE-R301-SourceInformationInstallation</td>
                <td>Labellisation</td>
              </tr>
              <tr>
                <td style="white-space:nowrap">
                  <a name="x-https://mos.esante.gouv.fr/NOS/TRE_R301-SourceInformationInstallation/FHIR/TRE-R301-SourceInformationInstallation-A"> </a>  
                  <a href="https://interop.esante.gouv.fr/ig/nos/1.3.0/CodeSystem-TRE-R301-SourceInformationInstallation.html#TRE-R301-SourceInformationInstallation-A">A</a>
                </td>
                <td>https://mos.esante.gouv.fr/NOS/TRE_R301-SourceInformationInstallation/FHIR/TRE-R301-SourceInformationInstallation</td>
                <td>Autre</td>
              </tr>
              <tr>
                <td style="white-space:nowrap">
                  <a name="x-https://mos.esante.gouv.fr/NOS/TRE_R301-SourceInformationInstallation/FHIR/TRE-R301-SourceInformationInstallation-R"> </a>  
                  <a href="https://interop.esante.gouv.fr/ig/nos/1.3.0/CodeSystem-TRE-R301-SourceInformationInstallation.html#TRE-R301-SourceInformationInstallation-R">R</a>
                </td>
                <td>https://mos.esante.gouv.fr/NOS/TRE_R301-SourceInformationInstallation/FHIR/TRE-R301-SourceInformationInstallation</td>
                <td>Arrêté</td>
              </tr>
              <tr>
                <td style="white-space:nowrap">
                  <a name="x-https://mos.esante.gouv.fr/NOS/TRE_R301-SourceInformationInstallation/FHIR/TRE-R301-SourceInformationInstallation-9"> </a>  
                  <a href="https://interop.esante.gouv.fr/ig/nos/1.3.0/CodeSystem-TRE-R301-SourceInformationInstallation.html#TRE-R301-SourceInformationInstallation-9">9</a>
                </td>
                <td>https://mos.esante.gouv.fr/NOS/TRE_R301-SourceInformationInstallation/FHIR/TRE-R301-SourceInformationInstallation</td>
                <td>Indéterminée</td>
              </tr>
            </table>
          </div>
        </text>
        <url value="https://interop.esante.gouv.fr/ig/fhir/annuaire/ValueSet/VS-TRE-R301-SourceInformationInstallation"/>
        <version value="1.1.0-snapshot-3"/>
        <name value="VS_TRE_R301_SourceInformationInstallation"/>
        <title value="ValueSet pour l'ensemble des codes concepts de la TRE avec l'url : https://mos.esante.gouv.fr/NOS/TRE_R301-SourceInformationInstallation/FHIR/TRE-R301-SourceInformationInstallation"/>
        <status value="active"/>
        <experimental value="false"/>
        <date value="2024-09-12T11:56:22+00:00"/>
        <jurisdiction>
          <coding>
            <system value="urn:iso:std:iso:3166"/>
            <code value="FR"/>
            <display value="FRANCE"/>
          </coding>
        </jurisdiction>
        <expansion>
          <identifier value="urn:uuid:db53a8b9-339a-4425-8f6f-2f850bc771ee"/>
          <timestamp value="2024-09-12T11:57:33+00:00"/>
          <total value="10"/>
          <offset value="0"/>
          <parameter>
            <name value="count"/>
            <valueInteger value="1000"/>
          </parameter>
          <parameter>
            <name value="offset"/>
            <valueInteger value="0"/>
          </parameter>
          <parameter>
            <name value="excludeNested"/>
            <valueBoolean value="false"/>
          </parameter>
          <parameter>
            <name value="used-codesystem"/>
            <valueUri value="https://mos.esante.gouv.fr/NOS/TRE_R301-SourceInformationInstallation/FHIR/TRE-R301-SourceInformationInstallation|1.3.0"/>
          </parameter>
          <contains>
            <system value="https://mos.esante.gouv.fr/NOS/TRE_R301-SourceInformationInstallation/FHIR/TRE-R301-SourceInformationInstallation"/>
            <code value="V"/>
            <display value="Visite de conformité"/>
          </contains>
          <contains>
            <system value="https://mos.esante.gouv.fr/NOS/TRE_R301-SourceInformationInstallation/FHIR/TRE-R301-SourceInformationInstallation"/>
            <code value="E"/>
            <display value="Enquête statistique"/>
          </contains>
          <contains>
            <system value="https://mos.esante.gouv.fr/NOS/TRE_R301-SourceInformationInstallation/FHIR/TRE-R301-SourceInformationInstallation"/>
            <code value="I"/>
            <display value="Interrogation de l'ET"/>
          </contains>
          <contains>
            <system value="https://mos.esante.gouv.fr/NOS/TRE_R301-SourceInformationInstallation/FHIR/TRE-R301-SourceInformationInstallation"/>
            <code value="D"/>
            <display value="Document de tarification"/>
          </contains>
          <contains>
            <system value="https://mos.esante.gouv.fr/NOS/TRE_R301-SourceInformationInstallation/FHIR/TRE-R301-SourceInformationInstallation"/>
            <code value="S"/>
            <display value="Inspection"/>
          </contains>
          <contains>
            <system value="https://mos.esante.gouv.fr/NOS/TRE_R301-SourceInformationInstallation/FHIR/TRE-R301-SourceInformationInstallation"/>
            <code value="C"/>
            <display value="Convention"/>
          </contains>
          <contains>
            <system value="https://mos.esante.gouv.fr/NOS/TRE_R301-SourceInformationInstallation/FHIR/TRE-R301-SourceInformationInstallation"/>
            <code value="L"/>
            <display value="Labellisation"/>
          </contains>
          <contains>
            <system value="https://mos.esante.gouv.fr/NOS/TRE_R301-SourceInformationInstallation/FHIR/TRE-R301-SourceInformationInstallation"/>
            <code value="A"/>
            <display value="Autre"/>
          </contains>
          <contains>
            <system value="https://mos.esante.gouv.fr/NOS/TRE_R301-SourceInformationInstallation/FHIR/TRE-R301-SourceInformationInstallation"/>
            <code value="R"/>
            <display value="Arrêté"/>
          </contains>
          <contains>
            <system value="https://mos.esante.gouv.fr/NOS/TRE_R301-SourceInformationInstallation/FHIR/TRE-R301-SourceInformationInstallation"/>
            <code value="9"/>
            <display value="Indéterminée"/>
          </contains>
        </expansion>
      </ValueSet>
    </resource>
  </entry>
  <entry>
    <fullUrl value="https://interop.esante.gouv.fr/ig/fhir/annuaire/ValueSet/VS-TRE-R74-ModeFixationTarifaire"/>
    <resource>
      <ValueSet>
        <meta>
          <profile value="http://hl7.org/fhir/StructureDefinition/shareablevalueset"/>
        </meta>
        <text>
          <status value="generated"/>
          <div xmlns="http://www.w3.org/1999/xhtml">
            <p class="res-header-id">
              <b>Generated Narrative: ValueSet </b>
            </p>
            <p style="border: black 1px dotted; background-color: #EEEEEE; padding: 8px; margin-bottom: 8px">Expansion based on 
              <a href="https://interop.esante.gouv.fr/ig/nos/1.3.0/CodeSystem-TRE-R74-ModeFixationTarifaire.html">codesystem TRE_R74-ModeFixationTarifaire v1.3.0 (CodeSystem)</a>
            </p>
            <p>This value set contains 52 concepts</p>
            <table class="codes">
              <tr>
                <td style="white-space:nowrap">
                  <b>Code</b>
                </td>
                <td>
                  <b>System</b>
                </td>
                <td>
                  <b>Display</b>
                </td>
              </tr>
              <tr>
                <td style="white-space:nowrap">
                  <a name="x-https://mos.esante.gouv.fr/NOS/TRE_R74-ModeFixationTarifaire/FHIR/TRE-R74-ModeFixationTarifaire-01"> </a>  
                  <a href="https://interop.esante.gouv.fr/ig/nos/1.3.0/CodeSystem-TRE-R74-ModeFixationTarifaire.html#TRE-R74-ModeFixationTarifaire-01">01</a>
                </td>
                <td>https://mos.esante.gouv.fr/NOS/TRE_R74-ModeFixationTarifaire/FHIR/TRE-R74-ModeFixationTarifaire</td>
                <td>Etablissement Tarif Libre</td>
              </tr>
              <tr>
                <td style="white-space:nowrap">
                  <a name="x-https://mos.esante.gouv.fr/NOS/TRE_R74-ModeFixationTarifaire/FHIR/TRE-R74-ModeFixationTarifaire-02"> </a>  
                  <a href="https://interop.esante.gouv.fr/ig/nos/1.3.0/CodeSystem-TRE-R74-ModeFixationTarifaire.html#TRE-R74-ModeFixationTarifaire-02">02</a>
                </td>
                <td>https://mos.esante.gouv.fr/NOS/TRE_R74-ModeFixationTarifaire/FHIR/TRE-R74-ModeFixationTarifaire</td>
                <td>Autorité Ministérielle</td>
              </tr>
              <tr>
                <td style="white-space:nowrap">
                  <a name="x-https://mos.esante.gouv.fr/NOS/TRE_R74-ModeFixationTarifaire/FHIR/TRE-R74-ModeFixationTarifaire-03"> </a>  
                  <a href="https://interop.esante.gouv.fr/ig/nos/1.3.0/CodeSystem-TRE-R74-ModeFixationTarifaire.html#TRE-R74-ModeFixationTarifaire-03">03</a>
                </td>
                <td>https://mos.esante.gouv.fr/NOS/TRE_R74-ModeFixationTarifaire/FHIR/TRE-R74-ModeFixationTarifaire</td>
                <td>ARS établissements Publics de santé dotation globale</td>
              </tr>
              <tr>
                <td style="white-space:nowrap">
                  <a name="x-https://mos.esante.gouv.fr/NOS/TRE_R74-ModeFixationTarifaire/FHIR/TRE-R74-ModeFixationTarifaire-04"> </a>  
                  <a href="https://interop.esante.gouv.fr/ig/nos/1.3.0/CodeSystem-TRE-R74-ModeFixationTarifaire.html#TRE-R74-ModeFixationTarifaire-04">04</a>
                </td>
                <td>https://mos.esante.gouv.fr/NOS/TRE_R74-ModeFixationTarifaire/FHIR/TRE-R74-ModeFixationTarifaire</td>
                <td>ARS établissements PSPH dotation globale</td>
              </tr>
              <tr>
                <td style="white-space:nowrap">
                  <a name="x-https://mos.esante.gouv.fr/NOS/TRE_R74-ModeFixationTarifaire/FHIR/TRE-R74-ModeFixationTarifaire-05"> </a>  
                  <a href="https://interop.esante.gouv.fr/ig/nos/1.3.0/CodeSystem-TRE-R74-ModeFixationTarifaire.html#TRE-R74-ModeFixationTarifaire-05">05</a>
                </td>
                <td>https://mos.esante.gouv.fr/NOS/TRE_R74-ModeFixationTarifaire/FHIR/TRE-R74-ModeFixationTarifaire</td>
                <td>ARS établissements médico-soc. non financés dotation globale</td>
              </tr>
              <tr>
                <td style="white-space:nowrap">
                  <a name="x-https://mos.esante.gouv.fr/NOS/TRE_R74-ModeFixationTarifaire/FHIR/TRE-R74-ModeFixationTarifaire-06"> </a>  
                  <a href="https://interop.esante.gouv.fr/ig/nos/1.3.0/CodeSystem-TRE-R74-ModeFixationTarifaire.html#TRE-R74-ModeFixationTarifaire-06">06</a>
                </td>
                <td>https://mos.esante.gouv.fr/NOS/TRE_R74-ModeFixationTarifaire/FHIR/TRE-R74-ModeFixationTarifaire</td>
                <td>Tarif d'autorité</td>
              </tr>
              <tr>
                <td style="white-space:nowrap">
                  <a name="x-https://mos.esante.gouv.fr/NOS/TRE_R74-ModeFixationTarifaire/FHIR/TRE-R74-ModeFixationTarifaire-07"> </a>  
                  <a href="https://interop.esante.gouv.fr/ig/nos/1.3.0/CodeSystem-TRE-R74-ModeFixationTarifaire.html#TRE-R74-ModeFixationTarifaire-07">07</a>
                </td>
                <td>https://mos.esante.gouv.fr/NOS/TRE_R74-ModeFixationTarifaire/FHIR/TRE-R74-ModeFixationTarifaire</td>
                <td>ARS établissements de santé non financés dotation globale</td>
              </tr>
              <tr>
                <td style="white-space:nowrap">
                  <a name="x-https://mos.esante.gouv.fr/NOS/TRE_R74-ModeFixationTarifaire/FHIR/TRE-R74-ModeFixationTarifaire-08"> </a>  
                  <a href="https://interop.esante.gouv.fr/ig/nos/1.3.0/CodeSystem-TRE-R74-ModeFixationTarifaire.html#TRE-R74-ModeFixationTarifaire-08">08</a>
                </td>
                <td>https://mos.esante.gouv.fr/NOS/TRE_R74-ModeFixationTarifaire/FHIR/TRE-R74-ModeFixationTarifaire</td>
                <td>Président du Conseil Départemental ou métropole</td>
              </tr>
              <tr>
                <td style="white-space:nowrap">
                  <a name="x-https://mos.esante.gouv.fr/NOS/TRE_R74-ModeFixationTarifaire/FHIR/TRE-R74-ModeFixationTarifaire-09"> </a>  
                  <a href="https://interop.esante.gouv.fr/ig/nos/1.3.0/CodeSystem-TRE-R74-ModeFixationTarifaire.html#TRE-R74-ModeFixationTarifaire-09">09</a>
                </td>
                <td>https://mos.esante.gouv.fr/NOS/TRE_R74-ModeFixationTarifaire/FHIR/TRE-R74-ModeFixationTarifaire</td>
                <td>ARS PCD mixte (2 arrêtés), habilité aide sociale</td>
              </tr>
              <tr>
                <td style="white-space:nowrap">
                  <a name="x-https://mos.esante.gouv.fr/NOS/TRE_R74-ModeFixationTarifaire/FHIR/TRE-R74-ModeFixationTarifaire-10"> </a>  
                  <a href="https://interop.esante.gouv.fr/ig/nos/1.3.0/CodeSystem-TRE-R74-ModeFixationTarifaire.html#TRE-R74-ModeFixationTarifaire-10">10</a>
                </td>
                <td>https://mos.esante.gouv.fr/NOS/TRE_R74-ModeFixationTarifaire/FHIR/TRE-R74-ModeFixationTarifaire</td>
                <td>Autorité Conjointe Préfet ou ARS/PCD ou métropole (1 arrêté)</td>
              </tr>
              <tr>
                <td style="white-space:nowrap">
                  <a name="x-https://mos.esante.gouv.fr/NOS/TRE_R74-ModeFixationTarifaire/FHIR/TRE-R74-ModeFixationTarifaire-11"> </a>  
                  <a href="https://interop.esante.gouv.fr/ig/nos/1.3.0/CodeSystem-TRE-R74-ModeFixationTarifaire.html#TRE-R74-ModeFixationTarifaire-11">11</a>
                </td>
                <td>https://mos.esante.gouv.fr/NOS/TRE_R74-ModeFixationTarifaire/FHIR/TRE-R74-ModeFixationTarifaire</td>
                <td>Tarifs ARS, PCD, hébergt libre</td>
              </tr>
              <tr>
                <td style="white-space:nowrap">
                  <a name="x-https://mos.esante.gouv.fr/NOS/TRE_R74-ModeFixationTarifaire/FHIR/TRE-R74-ModeFixationTarifaire-14"> </a>  
                  <a href="https://interop.esante.gouv.fr/ig/nos/1.3.0/CodeSystem-TRE-R74-ModeFixationTarifaire.html#TRE-R74-ModeFixationTarifaire-14">14</a>
                </td>
                <td>https://mos.esante.gouv.fr/NOS/TRE_R74-ModeFixationTarifaire/FHIR/TRE-R74-ModeFixationTarifaire</td>
                <td>Organismes Nationaux de Sécurité Sociale</td>
              </tr>
              <tr>
                <td style="white-space:nowrap">
                  <a name="x-https://mos.esante.gouv.fr/NOS/TRE_R74-ModeFixationTarifaire/FHIR/TRE-R74-ModeFixationTarifaire-15"> </a>  
                  <a href="https://interop.esante.gouv.fr/ig/nos/1.3.0/CodeSystem-TRE-R74-ModeFixationTarifaire.html#TRE-R74-ModeFixationTarifaire-15">15</a>
                </td>
                <td>https://mos.esante.gouv.fr/NOS/TRE_R74-ModeFixationTarifaire/FHIR/TRE-R74-ModeFixationTarifaire</td>
                <td>ARS privé hors PSPH sous dotation globale</td>
              </tr>
              <tr>
                <td style="white-space:nowrap">
                  <a name="x-https://mos.esante.gouv.fr/NOS/TRE_R74-ModeFixationTarifaire/FHIR/TRE-R74-ModeFixationTarifaire-16"> </a>  
                  <a href="https://interop.esante.gouv.fr/ig/nos/1.3.0/CodeSystem-TRE-R74-ModeFixationTarifaire.html#TRE-R74-ModeFixationTarifaire-16">16</a>
                </td>
                <td>https://mos.esante.gouv.fr/NOS/TRE_R74-ModeFixationTarifaire/FHIR/TRE-R74-ModeFixationTarifaire</td>
                <td>CRAM homologué préfet de région</td>
              </tr>
              <tr>
                <td style="white-space:nowrap">
                  <a name="x-https://mos.esante.gouv.fr/NOS/TRE_R74-ModeFixationTarifaire/FHIR/TRE-R74-ModeFixationTarifaire-17"> </a>  
                  <a href="https://interop.esante.gouv.fr/ig/nos/1.3.0/CodeSystem-TRE-R74-ModeFixationTarifaire.html#TRE-R74-ModeFixationTarifaire-17">17</a>
                </td>
                <td>https://mos.esante.gouv.fr/NOS/TRE_R74-ModeFixationTarifaire/FHIR/TRE-R74-ModeFixationTarifaire</td>
                <td>Autorité mixte ARS PCD dotation globale</td>
              </tr>
              <tr>
                <td style="white-space:nowrap">
                  <a name="x-https://mos.esante.gouv.fr/NOS/TRE_R74-ModeFixationTarifaire/FHIR/TRE-R74-ModeFixationTarifaire-18"> </a>  
                  <a href="https://interop.esante.gouv.fr/ig/nos/1.3.0/CodeSystem-TRE-R74-ModeFixationTarifaire.html#TRE-R74-ModeFixationTarifaire-18">18</a>
                </td>
                <td>https://mos.esante.gouv.fr/NOS/TRE_R74-ModeFixationTarifaire/FHIR/TRE-R74-ModeFixationTarifaire</td>
                <td>Autorité mixte ARS PCG Etab long séjour conv tripartite</td>
              </tr>
              <tr>
                <td style="white-space:nowrap">
                  <a name="x-https://mos.esante.gouv.fr/NOS/TRE_R74-ModeFixationTarifaire/FHIR/TRE-R74-ModeFixationTarifaire-19"> </a>  
                  <a href="https://interop.esante.gouv.fr/ig/nos/1.3.0/CodeSystem-TRE-R74-ModeFixationTarifaire.html#TRE-R74-ModeFixationTarifaire-19">19</a>
                </td>
                <td>https://mos.esante.gouv.fr/NOS/TRE_R74-ModeFixationTarifaire/FHIR/TRE-R74-ModeFixationTarifaire</td>
                <td>Autorité mixte préfet dpt PCG EHPA conv tripartite</td>
              </tr>
              <tr>
                <td style="white-space:nowrap">
                  <a name="x-https://mos.esante.gouv.fr/NOS/TRE_R74-ModeFixationTarifaire/FHIR/TRE-R74-ModeFixationTarifaire-20"> </a>  
                  <a href="https://interop.esante.gouv.fr/ig/nos/1.3.0/CodeSystem-TRE-R74-ModeFixationTarifaire.html#TRE-R74-ModeFixationTarifaire-20">20</a>
                </td>
                <td>https://mos.esante.gouv.fr/NOS/TRE_R74-ModeFixationTarifaire/FHIR/TRE-R74-ModeFixationTarifaire</td>
                <td>ARS PCG mixte, Accueil de jour PA, HAS</td>
              </tr>
              <tr>
                <td style="white-space:nowrap">
                  <a name="x-https://mos.esante.gouv.fr/NOS/TRE_R74-ModeFixationTarifaire/FHIR/TRE-R74-ModeFixationTarifaire-21"> </a>  
                  <a href="https://interop.esante.gouv.fr/ig/nos/1.3.0/CodeSystem-TRE-R74-ModeFixationTarifaire.html#TRE-R74-ModeFixationTarifaire-21">21</a>
                </td>
                <td>https://mos.esante.gouv.fr/NOS/TRE_R74-ModeFixationTarifaire/FHIR/TRE-R74-ModeFixationTarifaire</td>
                <td>ARS PCD mixte, Accueil de jour PA, HAS</td>
              </tr>
              <tr>
                <td style="white-space:nowrap">
                  <a name="x-https://mos.esante.gouv.fr/NOS/TRE_R74-ModeFixationTarifaire/FHIR/TRE-R74-ModeFixationTarifaire-22"> </a>  
                  <a href="https://interop.esante.gouv.fr/ig/nos/1.3.0/CodeSystem-TRE-R74-ModeFixationTarifaire.html#TRE-R74-ModeFixationTarifaire-22">22</a>
                </td>
                <td>https://mos.esante.gouv.fr/NOS/TRE_R74-ModeFixationTarifaire/FHIR/TRE-R74-ModeFixationTarifaire</td>
                <td>Autorité mixte ARS PCD ESLD tripartite DG global</td>
              </tr>
              <tr>
                <td style="white-space:nowrap">
                  <a name="x-https://mos.esante.gouv.fr/NOS/TRE_R74-ModeFixationTarifaire/FHIR/TRE-R74-ModeFixationTarifaire-23"> </a>  
                  <a href="https://interop.esante.gouv.fr/ig/nos/1.3.0/CodeSystem-TRE-R74-ModeFixationTarifaire.html#TRE-R74-ModeFixationTarifaire-23">23</a>
                </td>
                <td>https://mos.esante.gouv.fr/NOS/TRE_R74-ModeFixationTarifaire/FHIR/TRE-R74-ModeFixationTarifaire</td>
                <td>Autorité mixte ARS PCD ESLD tripartite DG partielle</td>
              </tr>
              <tr>
                <td style="white-space:nowrap">
                  <a name="x-https://mos.esante.gouv.fr/NOS/TRE_R74-ModeFixationTarifaire/FHIR/TRE-R74-ModeFixationTarifaire-24"> </a>  
                  <a href="https://interop.esante.gouv.fr/ig/nos/1.3.0/CodeSystem-TRE-R74-ModeFixationTarifaire.html#TRE-R74-ModeFixationTarifaire-24">24</a>
                </td>
                <td>https://mos.esante.gouv.fr/NOS/TRE_R74-ModeFixationTarifaire/FHIR/TRE-R74-ModeFixationTarifaire</td>
                <td>ARS PCG mixte, Accueil de jour PA, nHAS, hébergement libre</td>
              </tr>
              <tr>
                <td style="white-space:nowrap">
                  <a name="x-https://mos.esante.gouv.fr/NOS/TRE_R74-ModeFixationTarifaire/FHIR/TRE-R74-ModeFixationTarifaire-25"> </a>  
                  <a href="https://interop.esante.gouv.fr/ig/nos/1.3.0/CodeSystem-TRE-R74-ModeFixationTarifaire.html#TRE-R74-ModeFixationTarifaire-25">25</a>
                </td>
                <td>https://mos.esante.gouv.fr/NOS/TRE_R74-ModeFixationTarifaire/FHIR/TRE-R74-ModeFixationTarifaire</td>
                <td>ARS PCD mixte, Accueil de jour PA, nHAS, hébergement libre</td>
              </tr>
              <tr>
                <td style="white-space:nowrap">
                  <a name="x-https://mos.esante.gouv.fr/NOS/TRE_R74-ModeFixationTarifaire/FHIR/TRE-R74-ModeFixationTarifaire-26"> </a>  
                  <a href="https://interop.esante.gouv.fr/ig/nos/1.3.0/CodeSystem-TRE-R74-ModeFixationTarifaire.html#TRE-R74-ModeFixationTarifaire-26">26</a>
                </td>
                <td>https://mos.esante.gouv.fr/NOS/TRE_R74-ModeFixationTarifaire/FHIR/TRE-R74-ModeFixationTarifaire</td>
                <td>Logement Foyer convention partielle PAP (conv. EHPAD part.)</td>
              </tr>
              <tr>
                <td style="white-space:nowrap">
                  <a name="x-https://mos.esante.gouv.fr/NOS/TRE_R74-ModeFixationTarifaire/FHIR/TRE-R74-ModeFixationTarifaire-30"> </a>  
                  <a href="https://interop.esante.gouv.fr/ig/nos/1.3.0/CodeSystem-TRE-R74-ModeFixationTarifaire.html#TRE-R74-ModeFixationTarifaire-30">30</a>
                </td>
                <td>https://mos.esante.gouv.fr/NOS/TRE_R74-ModeFixationTarifaire/FHIR/TRE-R74-ModeFixationTarifaire</td>
                <td>Préfet de région établissements et services sociaux</td>
              </tr>
              <tr>
                <td style="white-space:nowrap">
                  <a name="x-https://mos.esante.gouv.fr/NOS/TRE_R74-ModeFixationTarifaire/FHIR/TRE-R74-ModeFixationTarifaire-31"> </a>  
                  <a href="https://interop.esante.gouv.fr/ig/nos/1.3.0/CodeSystem-TRE-R74-ModeFixationTarifaire.html#TRE-R74-ModeFixationTarifaire-31">31</a>
                </td>
                <td>https://mos.esante.gouv.fr/NOS/TRE_R74-ModeFixationTarifaire/FHIR/TRE-R74-ModeFixationTarifaire</td>
                <td>Pdt Conseil Départemental-Subvention</td>
              </tr>
              <tr>
                <td style="white-space:nowrap">
                  <a name="x-https://mos.esante.gouv.fr/NOS/TRE_R74-ModeFixationTarifaire/FHIR/TRE-R74-ModeFixationTarifaire-32"> </a>  
                  <a href="https://interop.esante.gouv.fr/ig/nos/1.3.0/CodeSystem-TRE-R74-ModeFixationTarifaire.html#TRE-R74-ModeFixationTarifaire-32">32</a>
                </td>
                <td>https://mos.esante.gouv.fr/NOS/TRE_R74-ModeFixationTarifaire/FHIR/TRE-R74-ModeFixationTarifaire</td>
                <td>Echelle tarifaire publique</td>
              </tr>
              <tr>
                <td style="white-space:nowrap">
                  <a name="x-https://mos.esante.gouv.fr/NOS/TRE_R74-ModeFixationTarifaire/FHIR/TRE-R74-ModeFixationTarifaire-33"> </a>  
                  <a href="https://interop.esante.gouv.fr/ig/nos/1.3.0/CodeSystem-TRE-R74-ModeFixationTarifaire.html#TRE-R74-ModeFixationTarifaire-33">33</a>
                </td>
                <td>https://mos.esante.gouv.fr/NOS/TRE_R74-ModeFixationTarifaire/FHIR/TRE-R74-ModeFixationTarifaire</td>
                <td>Echelle tarifaire privée</td>
              </tr>
              <tr>
                <td style="white-space:nowrap">
                  <a name="x-https://mos.esante.gouv.fr/NOS/TRE_R74-ModeFixationTarifaire/FHIR/TRE-R74-ModeFixationTarifaire-34"> </a>  
                  <a href="https://interop.esante.gouv.fr/ig/nos/1.3.0/CodeSystem-TRE-R74-ModeFixationTarifaire.html#TRE-R74-ModeFixationTarifaire-34">34</a>
                </td>
                <td>https://mos.esante.gouv.fr/NOS/TRE_R74-ModeFixationTarifaire/FHIR/TRE-R74-ModeFixationTarifaire</td>
                <td>ARS - DG dotation globale</td>
              </tr>
              <tr>
                <td style="white-space:nowrap">
                  <a name="x-https://mos.esante.gouv.fr/NOS/TRE_R74-ModeFixationTarifaire/FHIR/TRE-R74-ModeFixationTarifaire-35"> </a>  
                  <a href="https://interop.esante.gouv.fr/ig/nos/1.3.0/CodeSystem-TRE-R74-ModeFixationTarifaire.html#TRE-R74-ModeFixationTarifaire-35">35</a>
                </td>
                <td>https://mos.esante.gouv.fr/NOS/TRE_R74-ModeFixationTarifaire/FHIR/TRE-R74-ModeFixationTarifaire</td>
                <td>Préfet de département Subvention</td>
              </tr>
              <tr>
                <td style="white-space:nowrap">
                  <a name="x-https://mos.esante.gouv.fr/NOS/TRE_R74-ModeFixationTarifaire/FHIR/TRE-R74-ModeFixationTarifaire-36"> </a>  
                  <a href="https://interop.esante.gouv.fr/ig/nos/1.3.0/CodeSystem-TRE-R74-ModeFixationTarifaire.html#TRE-R74-ModeFixationTarifaire-36">36</a>
                </td>
                <td>https://mos.esante.gouv.fr/NOS/TRE_R74-ModeFixationTarifaire/FHIR/TRE-R74-ModeFixationTarifaire</td>
                <td>Tarifs conventionnels assurance maladie</td>
              </tr>
              <tr>
                <td style="white-space:nowrap">
                  <a name="x-https://mos.esante.gouv.fr/NOS/TRE_R74-ModeFixationTarifaire/FHIR/TRE-R74-ModeFixationTarifaire-38"> </a>  
                  <a href="https://interop.esante.gouv.fr/ig/nos/1.3.0/CodeSystem-TRE-R74-ModeFixationTarifaire.html#TRE-R74-ModeFixationTarifaire-38">38</a>
                </td>
                <td>https://mos.esante.gouv.fr/NOS/TRE_R74-ModeFixationTarifaire/FHIR/TRE-R74-ModeFixationTarifaire</td>
                <td>Régime spécial de prévoyance</td>
              </tr>
              <tr>
                <td style="white-space:nowrap">
                  <a name="x-https://mos.esante.gouv.fr/NOS/TRE_R74-ModeFixationTarifaire/FHIR/TRE-R74-ModeFixationTarifaire-40"> </a>  
                  <a href="https://interop.esante.gouv.fr/ig/nos/1.3.0/CodeSystem-TRE-R74-ModeFixationTarifaire.html#TRE-R74-ModeFixationTarifaire-40">40</a>
                </td>
                <td>https://mos.esante.gouv.fr/NOS/TRE_R74-ModeFixationTarifaire/FHIR/TRE-R74-ModeFixationTarifaire</td>
                <td>ARS-PCD, Tarif global, habilité aide sociale, recours PUI</td>
              </tr>
              <tr>
                <td style="white-space:nowrap">
                  <a name="x-https://mos.esante.gouv.fr/NOS/TRE_R74-ModeFixationTarifaire/FHIR/TRE-R74-ModeFixationTarifaire-41"> </a>  
                  <a href="https://interop.esante.gouv.fr/ig/nos/1.3.0/CodeSystem-TRE-R74-ModeFixationTarifaire.html#TRE-R74-ModeFixationTarifaire-41">41</a>
                </td>
                <td>https://mos.esante.gouv.fr/NOS/TRE_R74-ModeFixationTarifaire/FHIR/TRE-R74-ModeFixationTarifaire</td>
                <td>ARS-PCD, Tarif global, habilité aide sociale sans PUI</td>
              </tr>
              <tr>
                <td style="white-space:nowrap">
                  <a name="x-https://mos.esante.gouv.fr/NOS/TRE_R74-ModeFixationTarifaire/FHIR/TRE-R74-ModeFixationTarifaire-42"> </a>  
                  <a href="https://interop.esante.gouv.fr/ig/nos/1.3.0/CodeSystem-TRE-R74-ModeFixationTarifaire.html#TRE-R74-ModeFixationTarifaire-42">42</a>
                </td>
                <td>https://mos.esante.gouv.fr/NOS/TRE_R74-ModeFixationTarifaire/FHIR/TRE-R74-ModeFixationTarifaire</td>
                <td>ARS-PCD, Tarif global, non hab.aide sociale, recours PUI</td>
              </tr>
              <tr>
                <td style="white-space:nowrap">
                  <a name="x-https://mos.esante.gouv.fr/NOS/TRE_R74-ModeFixationTarifaire/FHIR/TRE-R74-ModeFixationTarifaire-43"> </a>  
                  <a href="https://interop.esante.gouv.fr/ig/nos/1.3.0/CodeSystem-TRE-R74-ModeFixationTarifaire.html#TRE-R74-ModeFixationTarifaire-43">43</a>
                </td>
                <td>https://mos.esante.gouv.fr/NOS/TRE_R74-ModeFixationTarifaire/FHIR/TRE-R74-ModeFixationTarifaire</td>
                <td>ARS-PCD, Tarif global, non habilité aide sociale sans PUI</td>
              </tr>
              <tr>
                <td style="white-space:nowrap">
                  <a name="x-https://mos.esante.gouv.fr/NOS/TRE_R74-ModeFixationTarifaire/FHIR/TRE-R74-ModeFixationTarifaire-44"> </a>  
                  <a href="https://interop.esante.gouv.fr/ig/nos/1.3.0/CodeSystem-TRE-R74-ModeFixationTarifaire.html#TRE-R74-ModeFixationTarifaire-44">44</a>
                </td>
                <td>https://mos.esante.gouv.fr/NOS/TRE_R74-ModeFixationTarifaire/FHIR/TRE-R74-ModeFixationTarifaire</td>
                <td>ARS-PCD, Tarif partiel, habilité aide sociale, recours PUI</td>
              </tr>
              <tr>
                <td style="white-space:nowrap">
                  <a name="x-https://mos.esante.gouv.fr/NOS/TRE_R74-ModeFixationTarifaire/FHIR/TRE-R74-ModeFixationTarifaire-45"> </a>  
                  <a href="https://interop.esante.gouv.fr/ig/nos/1.3.0/CodeSystem-TRE-R74-ModeFixationTarifaire.html#TRE-R74-ModeFixationTarifaire-45">45</a>
                </td>
                <td>https://mos.esante.gouv.fr/NOS/TRE_R74-ModeFixationTarifaire/FHIR/TRE-R74-ModeFixationTarifaire</td>
                <td>ARS-PCD, Tarif partiel, habilité aide sociale sans PUI</td>
              </tr>
              <tr>
                <td style="white-space:nowrap">
                  <a name="x-https://mos.esante.gouv.fr/NOS/TRE_R74-ModeFixationTarifaire/FHIR/TRE-R74-ModeFixationTarifaire-46"> </a>  
                  <a href="https://interop.esante.gouv.fr/ig/nos/1.3.0/CodeSystem-TRE-R74-ModeFixationTarifaire.html#TRE-R74-ModeFixationTarifaire-46">46</a>
                </td>
                <td>https://mos.esante.gouv.fr/NOS/TRE_R74-ModeFixationTarifaire/FHIR/TRE-R74-ModeFixationTarifaire</td>
                <td>ARS-PCD, Tarif partiel, non hab.aide sociale, recours PUI</td>
              </tr>
              <tr>
                <td style="white-space:nowrap">
                  <a name="x-https://mos.esante.gouv.fr/NOS/TRE_R74-ModeFixationTarifaire/FHIR/TRE-R74-ModeFixationTarifaire-47"> </a>  
                  <a href="https://interop.esante.gouv.fr/ig/nos/1.3.0/CodeSystem-TRE-R74-ModeFixationTarifaire.html#TRE-R74-ModeFixationTarifaire-47">47</a>
                </td>
                <td>https://mos.esante.gouv.fr/NOS/TRE_R74-ModeFixationTarifaire/FHIR/TRE-R74-ModeFixationTarifaire</td>
                <td>ARS-PCD, Tarif partiel, non habilité aide sociale sans PUI</td>
              </tr>
              <tr>
                <td style="white-space:nowrap">
                  <a name="x-https://mos.esante.gouv.fr/NOS/TRE_R74-ModeFixationTarifaire/FHIR/TRE-R74-ModeFixationTarifaire-48"> </a>  
                  <a href="https://interop.esante.gouv.fr/ig/nos/1.3.0/CodeSystem-TRE-R74-ModeFixationTarifaire.html#TRE-R74-ModeFixationTarifaire-48">48</a>
                </td>
                <td>https://mos.esante.gouv.fr/NOS/TRE_R74-ModeFixationTarifaire/FHIR/TRE-R74-ModeFixationTarifaire</td>
                <td>ARS-PCD, EHPA, dot globale de soins, habilité aide sociale</td>
              </tr>
              <tr>
                <td style="white-space:nowrap">
                  <a name="x-https://mos.esante.gouv.fr/NOS/TRE_R74-ModeFixationTarifaire/FHIR/TRE-R74-ModeFixationTarifaire-49"> </a>  
                  <a href="https://interop.esante.gouv.fr/ig/nos/1.3.0/CodeSystem-TRE-R74-ModeFixationTarifaire.html#TRE-R74-ModeFixationTarifaire-49">49</a>
                </td>
                <td>https://mos.esante.gouv.fr/NOS/TRE_R74-ModeFixationTarifaire/FHIR/TRE-R74-ModeFixationTarifaire</td>
                <td>ARS-PCD, EHPA, dot globale soins, non habilité aide sociale</td>
              </tr>
              <tr>
                <td style="white-space:nowrap">
                  <a name="x-https://mos.esante.gouv.fr/NOS/TRE_R74-ModeFixationTarifaire/FHIR/TRE-R74-ModeFixationTarifaire-50"> </a>  
                  <a href="https://interop.esante.gouv.fr/ig/nos/1.3.0/CodeSystem-TRE-R74-ModeFixationTarifaire.html#TRE-R74-ModeFixationTarifaire-50">50</a>
                </td>
                <td>https://mos.esante.gouv.fr/NOS/TRE_R74-ModeFixationTarifaire/FHIR/TRE-R74-ModeFixationTarifaire</td>
                <td>ARS-PCD, PUV, forfait soins, habilité aide sociale</td>
              </tr>
              <tr>
                <td style="white-space:nowrap">
                  <a name="x-https://mos.esante.gouv.fr/NOS/TRE_R74-ModeFixationTarifaire/FHIR/TRE-R74-ModeFixationTarifaire-51"> </a>  
                  <a href="https://interop.esante.gouv.fr/ig/nos/1.3.0/CodeSystem-TRE-R74-ModeFixationTarifaire.html#TRE-R74-ModeFixationTarifaire-51">51</a>
                </td>
                <td>https://mos.esante.gouv.fr/NOS/TRE_R74-ModeFixationTarifaire/FHIR/TRE-R74-ModeFixationTarifaire</td>
                <td>ARS-PCD, PUV, forfait soins, non habilité aide sociale</td>
              </tr>
              <tr>
                <td style="white-space:nowrap">
                  <a name="x-https://mos.esante.gouv.fr/NOS/TRE_R74-ModeFixationTarifaire/FHIR/TRE-R74-ModeFixationTarifaire-52"> </a>  
                  <a href="https://interop.esante.gouv.fr/ig/nos/1.3.0/CodeSystem-TRE-R74-ModeFixationTarifaire.html#TRE-R74-ModeFixationTarifaire-52">52</a>
                </td>
                <td>https://mos.esante.gouv.fr/NOS/TRE_R74-ModeFixationTarifaire/FHIR/TRE-R74-ModeFixationTarifaire</td>
                <td>ARS-PCD, LF, forfait soins, habilité aide sociale</td>
              </tr>
              <tr>
                <td style="white-space:nowrap">
                  <a name="x-https://mos.esante.gouv.fr/NOS/TRE_R74-ModeFixationTarifaire/FHIR/TRE-R74-ModeFixationTarifaire-53"> </a>  
                  <a href="https://interop.esante.gouv.fr/ig/nos/1.3.0/CodeSystem-TRE-R74-ModeFixationTarifaire.html#TRE-R74-ModeFixationTarifaire-53">53</a>
                </td>
                <td>https://mos.esante.gouv.fr/NOS/TRE_R74-ModeFixationTarifaire/FHIR/TRE-R74-ModeFixationTarifaire</td>
                <td>ARS-PCD, LF, forfait soins, non habilité aide sociale</td>
              </tr>
              <tr>
                <td style="white-space:nowrap">
                  <a name="x-https://mos.esante.gouv.fr/NOS/TRE_R74-ModeFixationTarifaire/FHIR/TRE-R74-ModeFixationTarifaire-54"> </a>  
                  <a href="https://interop.esante.gouv.fr/ig/nos/1.3.0/CodeSystem-TRE-R74-ModeFixationTarifaire.html#TRE-R74-ModeFixationTarifaire-54">54</a>
                </td>
                <td>https://mos.esante.gouv.fr/NOS/TRE_R74-ModeFixationTarifaire/FHIR/TRE-R74-ModeFixationTarifaire</td>
                <td>Tarif AM - Services de Soins Infirmiers A Domicile</td>
              </tr>
              <tr>
                <td style="white-space:nowrap">
                  <a name="x-https://mos.esante.gouv.fr/NOS/TRE_R74-ModeFixationTarifaire/FHIR/TRE-R74-ModeFixationTarifaire-55"> </a>  
                  <a href="https://interop.esante.gouv.fr/ig/nos/1.3.0/CodeSystem-TRE-R74-ModeFixationTarifaire.html#TRE-R74-ModeFixationTarifaire-55">55</a>
                </td>
                <td>https://mos.esante.gouv.fr/NOS/TRE_R74-ModeFixationTarifaire/FHIR/TRE-R74-ModeFixationTarifaire</td>
                <td>ARS-PCD, PUV, convention SSIAD, non habilité à l'aide social</td>
              </tr>
              <tr>
                <td style="white-space:nowrap">
                  <a name="x-https://mos.esante.gouv.fr/NOS/TRE_R74-ModeFixationTarifaire/FHIR/TRE-R74-ModeFixationTarifaire-56"> </a>  
                  <a href="https://interop.esante.gouv.fr/ig/nos/1.3.0/CodeSystem-TRE-R74-ModeFixationTarifaire.html#TRE-R74-ModeFixationTarifaire-56">56</a>
                </td>
                <td>https://mos.esante.gouv.fr/NOS/TRE_R74-ModeFixationTarifaire/FHIR/TRE-R74-ModeFixationTarifaire</td>
                <td>ARS-PCD, PUV, convention SSIAD, habilité à l'aide sociale</td>
              </tr>
              <tr>
                <td style="white-space:nowrap">
                  <a name="x-https://mos.esante.gouv.fr/NOS/TRE_R74-ModeFixationTarifaire/FHIR/TRE-R74-ModeFixationTarifaire-57"> </a>  
                  <a href="https://interop.esante.gouv.fr/ig/nos/1.3.0/CodeSystem-TRE-R74-ModeFixationTarifaire.html#TRE-R74-ModeFixationTarifaire-57">57</a>
                </td>
                <td>https://mos.esante.gouv.fr/NOS/TRE_R74-ModeFixationTarifaire/FHIR/TRE-R74-ModeFixationTarifaire</td>
                <td>ARS /ARS PCD Dotation forfait ou prix de journée globalisés (CPOM)</td>
              </tr>
              <tr>
                <td style="white-space:nowrap">
                  <a name="x-https://mos.esante.gouv.fr/NOS/TRE_R74-ModeFixationTarifaire/FHIR/TRE-R74-ModeFixationTarifaire-58"> </a>  
                  <a href="https://interop.esante.gouv.fr/ig/nos/1.3.0/CodeSystem-TRE-R74-ModeFixationTarifaire.html#TRE-R74-ModeFixationTarifaire-58">58</a>
                </td>
                <td>https://mos.esante.gouv.fr/NOS/TRE_R74-ModeFixationTarifaire/FHIR/TRE-R74-ModeFixationTarifaire</td>
                <td>ARS dotation forfait ou prix de journée globalisé hors CPOM</td>
              </tr>
              <tr>
                <td style="white-space:nowrap">
                  <a name="x-https://mos.esante.gouv.fr/NOS/TRE_R74-ModeFixationTarifaire/FHIR/TRE-R74-ModeFixationTarifaire-99"> </a>  
                  <a href="https://interop.esante.gouv.fr/ig/nos/1.3.0/CodeSystem-TRE-R74-ModeFixationTarifaire.html#TRE-R74-ModeFixationTarifaire-99">99</a>
                </td>
                <td>https://mos.esante.gouv.fr/NOS/TRE_R74-ModeFixationTarifaire/FHIR/TRE-R74-ModeFixationTarifaire</td>
                <td>Indéterminé</td>
              </tr>
            </table>
          </div>
        </text>
        <url value="https://interop.esante.gouv.fr/ig/fhir/annuaire/ValueSet/VS-TRE-R74-ModeFixationTarifaire"/>
        <version value="1.1.0-snapshot-3"/>
        <name value="VS_TRE_R74_ModeFixationTarifaire"/>
        <title value="ValueSet pour l'ensemble des codes concepts de la TRE avec l'url : https://mos.esante.gouv.fr/NOS/TRE_R74-ModeFixationTarifaire/FHIR/TRE-R74-ModeFixationTarifaire"/>
        <status value="active"/>
        <experimental value="false"/>
        <date value="2024-09-12T11:56:22+00:00"/>
        <jurisdiction>
          <coding>
            <system value="urn:iso:std:iso:3166"/>
            <code value="FR"/>
            <display value="FRANCE"/>
          </coding>
        </jurisdiction>
        <expansion>
          <identifier value="urn:uuid:47ed3e86-d55b-414b-b473-a27a786c757b"/>
          <timestamp value="2024-09-12T11:57:33+00:00"/>
          <total value="52"/>
          <offset value="0"/>
          <parameter>
            <name value="count"/>
            <valueInteger value="1000"/>
          </parameter>
          <parameter>
            <name value="offset"/>
            <valueInteger value="0"/>
          </parameter>
          <parameter>
            <name value="excludeNested"/>
            <valueBoolean value="false"/>
          </parameter>
          <parameter>
            <name value="used-codesystem"/>
            <valueUri value="https://mos.esante.gouv.fr/NOS/TRE_R74-ModeFixationTarifaire/FHIR/TRE-R74-ModeFixationTarifaire|1.3.0"/>
          </parameter>
          <contains>
            <system value="https://mos.esante.gouv.fr/NOS/TRE_R74-ModeFixationTarifaire/FHIR/TRE-R74-ModeFixationTarifaire"/>
            <code value="01"/>
            <display value="Etablissement Tarif Libre"/>
          </contains>
          <contains>
            <system value="https://mos.esante.gouv.fr/NOS/TRE_R74-ModeFixationTarifaire/FHIR/TRE-R74-ModeFixationTarifaire"/>
            <code value="02"/>
            <display value="Autorité Ministérielle"/>
          </contains>
          <contains>
            <system value="https://mos.esante.gouv.fr/NOS/TRE_R74-ModeFixationTarifaire/FHIR/TRE-R74-ModeFixationTarifaire"/>
            <code value="03"/>
            <display value="ARS établissements Publics de santé dotation globale"/>
          </contains>
          <contains>
            <system value="https://mos.esante.gouv.fr/NOS/TRE_R74-ModeFixationTarifaire/FHIR/TRE-R74-ModeFixationTarifaire"/>
            <code value="04"/>
            <display value="ARS établissements PSPH dotation globale"/>
          </contains>
          <contains>
            <system value="https://mos.esante.gouv.fr/NOS/TRE_R74-ModeFixationTarifaire/FHIR/TRE-R74-ModeFixationTarifaire"/>
            <code value="05"/>
            <display value="ARS établissements médico-soc. non financés dotation globale"/>
          </contains>
          <contains>
            <system value="https://mos.esante.gouv.fr/NOS/TRE_R74-ModeFixationTarifaire/FHIR/TRE-R74-ModeFixationTarifaire"/>
            <code value="06"/>
            <display value="Tarif d'autorité"/>
          </contains>
          <contains>
            <system value="https://mos.esante.gouv.fr/NOS/TRE_R74-ModeFixationTarifaire/FHIR/TRE-R74-ModeFixationTarifaire"/>
            <code value="07"/>
            <display value="ARS établissements de santé non financés dotation globale"/>
          </contains>
          <contains>
            <system value="https://mos.esante.gouv.fr/NOS/TRE_R74-ModeFixationTarifaire/FHIR/TRE-R74-ModeFixationTarifaire"/>
            <code value="08"/>
            <display value="Président du Conseil Départemental ou métropole"/>
          </contains>
          <contains>
            <system value="https://mos.esante.gouv.fr/NOS/TRE_R74-ModeFixationTarifaire/FHIR/TRE-R74-ModeFixationTarifaire"/>
            <code value="09"/>
            <display value="ARS PCD mixte (2 arrêtés), habilité aide sociale"/>
          </contains>
          <contains>
            <system value="https://mos.esante.gouv.fr/NOS/TRE_R74-ModeFixationTarifaire/FHIR/TRE-R74-ModeFixationTarifaire"/>
            <code value="10"/>
            <display value="Autorité Conjointe Préfet ou ARS/PCD ou métropole (1 arrêté)"/>
          </contains>
          <contains>
            <system value="https://mos.esante.gouv.fr/NOS/TRE_R74-ModeFixationTarifaire/FHIR/TRE-R74-ModeFixationTarifaire"/>
            <code value="11"/>
            <display value="Tarifs ARS, PCD, hébergt libre"/>
          </contains>
          <contains>
            <system value="https://mos.esante.gouv.fr/NOS/TRE_R74-ModeFixationTarifaire/FHIR/TRE-R74-ModeFixationTarifaire"/>
            <code value="14"/>
            <display value="Organismes Nationaux de Sécurité Sociale"/>
          </contains>
          <contains>
            <system value="https://mos.esante.gouv.fr/NOS/TRE_R74-ModeFixationTarifaire/FHIR/TRE-R74-ModeFixationTarifaire"/>
            <code value="15"/>
            <display value="ARS privé hors PSPH sous dotation globale"/>
          </contains>
          <contains>
            <system value="https://mos.esante.gouv.fr/NOS/TRE_R74-ModeFixationTarifaire/FHIR/TRE-R74-ModeFixationTarifaire"/>
            <code value="16"/>
            <display value="CRAM homologué préfet de région"/>
          </contains>
          <contains>
            <system value="https://mos.esante.gouv.fr/NOS/TRE_R74-ModeFixationTarifaire/FHIR/TRE-R74-ModeFixationTarifaire"/>
            <code value="17"/>
            <display value="Autorité mixte ARS PCD dotation globale"/>
          </contains>
          <contains>
            <system value="https://mos.esante.gouv.fr/NOS/TRE_R74-ModeFixationTarifaire/FHIR/TRE-R74-ModeFixationTarifaire"/>
            <code value="18"/>
            <display value="Autorité mixte ARS PCG Etab long séjour conv tripartite"/>
          </contains>
          <contains>
            <system value="https://mos.esante.gouv.fr/NOS/TRE_R74-ModeFixationTarifaire/FHIR/TRE-R74-ModeFixationTarifaire"/>
            <code value="19"/>
            <display value="Autorité mixte préfet dpt PCG EHPA conv tripartite"/>
          </contains>
          <contains>
            <system value="https://mos.esante.gouv.fr/NOS/TRE_R74-ModeFixationTarifaire/FHIR/TRE-R74-ModeFixationTarifaire"/>
            <code value="20"/>
            <display value="ARS PCG mixte, Accueil de jour PA, HAS"/>
          </contains>
          <contains>
            <system value="https://mos.esante.gouv.fr/NOS/TRE_R74-ModeFixationTarifaire/FHIR/TRE-R74-ModeFixationTarifaire"/>
            <code value="21"/>
            <display value="ARS PCD mixte, Accueil de jour PA, HAS"/>
          </contains>
          <contains>
            <system value="https://mos.esante.gouv.fr/NOS/TRE_R74-ModeFixationTarifaire/FHIR/TRE-R74-ModeFixationTarifaire"/>
            <code value="22"/>
            <display value="Autorité mixte ARS PCD ESLD tripartite DG global"/>
          </contains>
          <contains>
            <system value="https://mos.esante.gouv.fr/NOS/TRE_R74-ModeFixationTarifaire/FHIR/TRE-R74-ModeFixationTarifaire"/>
            <code value="23"/>
            <display value="Autorité mixte ARS PCD ESLD tripartite DG partielle"/>
          </contains>
          <contains>
            <system value="https://mos.esante.gouv.fr/NOS/TRE_R74-ModeFixationTarifaire/FHIR/TRE-R74-ModeFixationTarifaire"/>
            <code value="24"/>
            <display value="ARS PCG mixte, Accueil de jour PA, nHAS, hébergement libre"/>
          </contains>
          <contains>
            <system value="https://mos.esante.gouv.fr/NOS/TRE_R74-ModeFixationTarifaire/FHIR/TRE-R74-ModeFixationTarifaire"/>
            <code value="25"/>
            <display value="ARS PCD mixte, Accueil de jour PA, nHAS, hébergement libre"/>
          </contains>
          <contains>
            <system value="https://mos.esante.gouv.fr/NOS/TRE_R74-ModeFixationTarifaire/FHIR/TRE-R74-ModeFixationTarifaire"/>
            <code value="26"/>
            <display value="Logement Foyer convention partielle PAP (conv. EHPAD part.)"/>
          </contains>
          <contains>
            <system value="https://mos.esante.gouv.fr/NOS/TRE_R74-ModeFixationTarifaire/FHIR/TRE-R74-ModeFixationTarifaire"/>
            <code value="30"/>
            <display value="Préfet de région établissements et services sociaux"/>
          </contains>
          <contains>
            <system value="https://mos.esante.gouv.fr/NOS/TRE_R74-ModeFixationTarifaire/FHIR/TRE-R74-ModeFixationTarifaire"/>
            <code value="31"/>
            <display value="Pdt Conseil Départemental-Subvention"/>
          </contains>
          <contains>
            <system value="https://mos.esante.gouv.fr/NOS/TRE_R74-ModeFixationTarifaire/FHIR/TRE-R74-ModeFixationTarifaire"/>
            <code value="32"/>
            <display value="Echelle tarifaire publique"/>
          </contains>
          <contains>
            <system value="https://mos.esante.gouv.fr/NOS/TRE_R74-ModeFixationTarifaire/FHIR/TRE-R74-ModeFixationTarifaire"/>
            <code value="33"/>
            <display value="Echelle tarifaire privée"/>
          </contains>
          <contains>
            <system value="https://mos.esante.gouv.fr/NOS/TRE_R74-ModeFixationTarifaire/FHIR/TRE-R74-ModeFixationTarifaire"/>
            <code value="34"/>
            <display value="ARS - DG dotation globale"/>
          </contains>
          <contains>
            <system value="https://mos.esante.gouv.fr/NOS/TRE_R74-ModeFixationTarifaire/FHIR/TRE-R74-ModeFixationTarifaire"/>
            <code value="35"/>
            <display value="Préfet de département Subvention"/>
          </contains>
          <contains>
            <system value="https://mos.esante.gouv.fr/NOS/TRE_R74-ModeFixationTarifaire/FHIR/TRE-R74-ModeFixationTarifaire"/>
            <code value="36"/>
            <display value="Tarifs conventionnels assurance maladie"/>
          </contains>
          <contains>
            <system value="https://mos.esante.gouv.fr/NOS/TRE_R74-ModeFixationTarifaire/FHIR/TRE-R74-ModeFixationTarifaire"/>
            <code value="38"/>
            <display value="Régime spécial de prévoyance"/>
          </contains>
          <contains>
            <system value="https://mos.esante.gouv.fr/NOS/TRE_R74-ModeFixationTarifaire/FHIR/TRE-R74-ModeFixationTarifaire"/>
            <code value="40"/>
            <display value="ARS-PCD, Tarif global, habilité aide sociale, recours PUI"/>
          </contains>
          <contains>
            <system value="https://mos.esante.gouv.fr/NOS/TRE_R74-ModeFixationTarifaire/FHIR/TRE-R74-ModeFixationTarifaire"/>
            <code value="41"/>
            <display value="ARS-PCD, Tarif global, habilité aide sociale sans PUI"/>
          </contains>
          <contains>
            <system value="https://mos.esante.gouv.fr/NOS/TRE_R74-ModeFixationTarifaire/FHIR/TRE-R74-ModeFixationTarifaire"/>
            <code value="42"/>
            <display value="ARS-PCD, Tarif global, non hab.aide sociale, recours PUI"/>
          </contains>
          <contains>
            <system value="https://mos.esante.gouv.fr/NOS/TRE_R74-ModeFixationTarifaire/FHIR/TRE-R74-ModeFixationTarifaire"/>
            <code value="43"/>
            <display value="ARS-PCD, Tarif global, non habilité aide sociale sans PUI"/>
          </contains>
          <contains>
            <system value="https://mos.esante.gouv.fr/NOS/TRE_R74-ModeFixationTarifaire/FHIR/TRE-R74-ModeFixationTarifaire"/>
            <code value="44"/>
            <display value="ARS-PCD, Tarif partiel, habilité aide sociale, recours PUI"/>
          </contains>
          <contains>
            <system value="https://mos.esante.gouv.fr/NOS/TRE_R74-ModeFixationTarifaire/FHIR/TRE-R74-ModeFixationTarifaire"/>
            <code value="45"/>
            <display value="ARS-PCD, Tarif partiel, habilité aide sociale sans PUI"/>
          </contains>
          <contains>
            <system value="https://mos.esante.gouv.fr/NOS/TRE_R74-ModeFixationTarifaire/FHIR/TRE-R74-ModeFixationTarifaire"/>
            <code value="46"/>
            <display value="ARS-PCD, Tarif partiel, non hab.aide sociale, recours PUI"/>
          </contains>
          <contains>
            <system value="https://mos.esante.gouv.fr/NOS/TRE_R74-ModeFixationTarifaire/FHIR/TRE-R74-ModeFixationTarifaire"/>
            <code value="47"/>
            <display value="ARS-PCD, Tarif partiel, non habilité aide sociale sans PUI"/>
          </contains>
          <contains>
            <system value="https://mos.esante.gouv.fr/NOS/TRE_R74-ModeFixationTarifaire/FHIR/TRE-R74-ModeFixationTarifaire"/>
            <code value="48"/>
            <display value="ARS-PCD, EHPA, dot globale de soins, habilité aide sociale"/>
          </contains>
          <contains>
            <system value="https://mos.esante.gouv.fr/NOS/TRE_R74-ModeFixationTarifaire/FHIR/TRE-R74-ModeFixationTarifaire"/>
            <code value="49"/>
            <display value="ARS-PCD, EHPA, dot globale soins, non habilité aide sociale"/>
          </contains>
          <contains>
            <system value="https://mos.esante.gouv.fr/NOS/TRE_R74-ModeFixationTarifaire/FHIR/TRE-R74-ModeFixationTarifaire"/>
            <code value="50"/>
            <display value="ARS-PCD, PUV, forfait soins, habilité aide sociale"/>
          </contains>
          <contains>
            <system value="https://mos.esante.gouv.fr/NOS/TRE_R74-ModeFixationTarifaire/FHIR/TRE-R74-ModeFixationTarifaire"/>
            <code value="51"/>
            <display value="ARS-PCD, PUV, forfait soins, non habilité aide sociale"/>
          </contains>
          <contains>
            <system value="https://mos.esante.gouv.fr/NOS/TRE_R74-ModeFixationTarifaire/FHIR/TRE-R74-ModeFixationTarifaire"/>
            <code value="52"/>
            <display value="ARS-PCD, LF, forfait soins, habilité aide sociale"/>
          </contains>
          <contains>
            <system value="https://mos.esante.gouv.fr/NOS/TRE_R74-ModeFixationTarifaire/FHIR/TRE-R74-ModeFixationTarifaire"/>
            <code value="53"/>
            <display value="ARS-PCD, LF, forfait soins, non habilité aide sociale"/>
          </contains>
          <contains>
            <system value="https://mos.esante.gouv.fr/NOS/TRE_R74-ModeFixationTarifaire/FHIR/TRE-R74-ModeFixationTarifaire"/>
            <code value="54"/>
            <display value="Tarif AM - Services de Soins Infirmiers A Domicile"/>
          </contains>
          <contains>
            <system value="https://mos.esante.gouv.fr/NOS/TRE_R74-ModeFixationTarifaire/FHIR/TRE-R74-ModeFixationTarifaire"/>
            <code value="55"/>
            <display value="ARS-PCD, PUV, convention SSIAD, non habilité à l'aide social"/>
          </contains>
          <contains>
            <system value="https://mos.esante.gouv.fr/NOS/TRE_R74-ModeFixationTarifaire/FHIR/TRE-R74-ModeFixationTarifaire"/>
            <code value="56"/>
            <display value="ARS-PCD, PUV, convention SSIAD, habilité à l'aide sociale"/>
          </contains>
          <contains>
            <system value="https://mos.esante.gouv.fr/NOS/TRE_R74-ModeFixationTarifaire/FHIR/TRE-R74-ModeFixationTarifaire"/>
            <code value="57"/>
            <display value="ARS /ARS PCD Dotation forfait ou prix de journée globalisés (CPOM)"/>
          </contains>
          <contains>
            <system value="https://mos.esante.gouv.fr/NOS/TRE_R74-ModeFixationTarifaire/FHIR/TRE-R74-ModeFixationTarifaire"/>
            <code value="58"/>
            <display value="ARS dotation forfait ou prix de journée globalisé hors CPOM"/>
          </contains>
          <contains>
            <system value="https://mos.esante.gouv.fr/NOS/TRE_R74-ModeFixationTarifaire/FHIR/TRE-R74-ModeFixationTarifaire"/>
            <code value="99"/>
            <display value="Indéterminé"/>
          </contains>
        </expansion>
      </ValueSet>
    </resource>
  </entry>
  <entry>
    <fullUrl value="https://interop.esante.gouv.fr/ig/fhir/annuaire/ValueSet/as-vs-intern-id-systems"/>
    <resource>
      <ValueSet>
        <meta>
          <profile value="http://hl7.org/fhir/StructureDefinition/shareablevalueset"/>
        </meta>
        <text>
          <status value="generated"/>
          <div xmlns="http://www.w3.org/1999/xhtml">
            <p class="res-header-id">
              <b>Generated Narrative: ValueSet </b>
            </p>
            <p style="border: black 1px dotted; background-color: #EEEEEE; padding: 8px; margin-bottom: 8px">Expansion based on 
              <a href="CodeSystem-as-cs-intern-id-systems.html">codesystem AS CodeSystem Internal Identifier Systems v1.1.0-snapshot-3 (CodeSystem)</a>
            </p>
            <p>This value set contains 5 concepts</p>
            <table class="codes">
              <tr>
                <td style="white-space:nowrap">
                  <b>Code</b>
                </td>
                <td>
                  <b>System</b>
                </td>
                <td>
                  <b>Display</b>
                </td>
              </tr>
              <tr>
                <td style="white-space:nowrap">
                  <a name="x-https://interop.esante.gouv.fr/ig/fhir/annuaire/CodeSystem/as-cs-intern-id-systems-finess.interne.esante.gouv.fr"> </a>  
                  <a href="CodeSystem-as-cs-intern-id-systems.html#as-cs-intern-id-systems-finess.46interne.46esante.46gouv.46fr">finess.interne.esante.gouv.fr</a>
                </td>
                <td>https://interop.esante.gouv.fr/ig/fhir/annuaire/CodeSystem/as-cs-intern-id-systems</td>
                <td>Système de l'identifiant interne basé sur l'identifiant de la structure FINESS</td>
              </tr>
              <tr>
                <td style="white-space:nowrap">
                  <a name="x-https://interop.esante.gouv.fr/ig/fhir/annuaire/CodeSystem/as-cs-intern-id-systems-siren.interne.esante.gouv.fr"> </a>  
                  <a href="CodeSystem-as-cs-intern-id-systems.html#as-cs-intern-id-systems-siren.46interne.46esante.46gouv.46fr">siren.interne.esante.gouv.fr</a>
                </td>
                <td>https://interop.esante.gouv.fr/ig/fhir/annuaire/CodeSystem/as-cs-intern-id-systems</td>
                <td>Système de l'identifiant interne basé sur l'identifiant de la structure SIREN</td>
              </tr>
              <tr>
                <td style="white-space:nowrap">
                  <a name="x-https://interop.esante.gouv.fr/ig/fhir/annuaire/CodeSystem/as-cs-intern-id-systems-siret.interne.esante.gouv.fr"> </a>  
                  <a href="CodeSystem-as-cs-intern-id-systems.html#as-cs-intern-id-systems-siret.46interne.46esante.46gouv.46fr">siret.interne.esante.gouv.fr</a>
                </td>
                <td>https://interop.esante.gouv.fr/ig/fhir/annuaire/CodeSystem/as-cs-intern-id-systems</td>
                <td>Système de l'identifiant interne basé sur l'identifiant de la structure SIRET</td>
              </tr>
              <tr>
                <td style="white-space:nowrap">
                  <a name="x-https://interop.esante.gouv.fr/ig/fhir/annuaire/CodeSystem/as-cs-intern-id-systems-rpps.interne.esante.gouv.fr"> </a>  
                  <a href="CodeSystem-as-cs-intern-id-systems.html#as-cs-intern-id-systems-rpps.46interne.46esante.46gouv.46fr">rpps.interne.esante.gouv.fr</a>
                </td>
                <td>https://interop.esante.gouv.fr/ig/fhir/annuaire/CodeSystem/as-cs-intern-id-systems</td>
                <td>Système de l'identifiant interne basé sur l'identifiant du cabinet RPPS</td>
              </tr>
              <tr>
                <td style="white-space:nowrap">
                  <a name="x-https://interop.esante.gouv.fr/ig/fhir/annuaire/CodeSystem/as-cs-intern-id-systems-adeli.interne.esante.gouv.fr"> </a>  
                  <a href="CodeSystem-as-cs-intern-id-systems.html#as-cs-intern-id-systems-adeli.46interne.46esante.46gouv.46fr">adeli.interne.esante.gouv.fr</a>
                </td>
                <td>https://interop.esante.gouv.fr/ig/fhir/annuaire/CodeSystem/as-cs-intern-id-systems</td>
                <td>Système de l'identifiant interne basé sur l'identifiant du cabinet ADELI</td>
              </tr>
            </table>
          </div>
        </text>
        <url value="https://interop.esante.gouv.fr/ig/fhir/annuaire/ValueSet/as-vs-intern-id-systems"/>
        <version value="1.1.0-snapshot-3"/>
        <name value="AsVSInterneIdSystems"/>
        <title value="AS ValueSet Internal Identifier Systems"/>
        <status value="active"/>
        <experimental value="false"/>
        <date value="2024-09-12T11:56:22+00:00"/>
        <jurisdiction>
          <coding>
            <system value="urn:iso:std:iso:3166"/>
            <code value="FR"/>
            <display value="FRANCE"/>
          </coding>
        </jurisdiction>
        <expansion>
          <identifier value="urn:uuid:6aec32cf-badf-49d3-be44-0c5983b016eb"/>
          <timestamp value="2024-09-12T11:57:33+00:00"/>
          <total value="5"/>
          <offset value="0"/>
          <parameter>
            <name value="count"/>
            <valueInteger value="1000"/>
          </parameter>
          <parameter>
            <name value="offset"/>
            <valueInteger value="0"/>
          </parameter>
          <parameter>
            <name value="excludeNested"/>
            <valueBoolean value="false"/>
          </parameter>
          <parameter>
            <name value="used-codesystem"/>
            <valueUri value="https://interop.esante.gouv.fr/ig/fhir/annuaire/CodeSystem/as-cs-intern-id-systems|1.1.0-snapshot-3"/>
          </parameter>
          <contains>
            <system value="https://interop.esante.gouv.fr/ig/fhir/annuaire/CodeSystem/as-cs-intern-id-systems"/>
            <code value="finess.interne.esante.gouv.fr"/>
            <display value="Système de l'identifiant interne basé sur l'identifiant de la structure FINESS"/>
          </contains>
          <contains>
            <system value="https://interop.esante.gouv.fr/ig/fhir/annuaire/CodeSystem/as-cs-intern-id-systems"/>
            <code value="siren.interne.esante.gouv.fr"/>
            <display value="Système de l'identifiant interne basé sur l'identifiant de la structure SIREN"/>
          </contains>
          <contains>
            <system value="https://interop.esante.gouv.fr/ig/fhir/annuaire/CodeSystem/as-cs-intern-id-systems"/>
            <code value="siret.interne.esante.gouv.fr"/>
            <display value="Système de l'identifiant interne basé sur l'identifiant de la structure SIRET"/>
          </contains>
          <contains>
            <system value="https://interop.esante.gouv.fr/ig/fhir/annuaire/CodeSystem/as-cs-intern-id-systems"/>
            <code value="rpps.interne.esante.gouv.fr"/>
            <display value="Système de l'identifiant interne basé sur l'identifiant du cabinet RPPS"/>
          </contains>
          <contains>
            <system value="https://interop.esante.gouv.fr/ig/fhir/annuaire/CodeSystem/as-cs-intern-id-systems"/>
            <code value="adeli.interne.esante.gouv.fr"/>
            <display value="Système de l'identifiant interne basé sur l'identifiant du cabinet ADELI"/>
          </contains>
        </expansion>
      </ValueSet>
    </resource>
  </entry>
  <entry>
    <fullUrl value="https://interop.esante.gouv.fr/ig/fhir/annuaire/ValueSet/as-vs-organization-types"/>
    <resource>
      <ValueSet>
        <text>
          <status value="generated"/>
          <div xmlns="http://www.w3.org/1999/xhtml">
            <p class="res-header-id">
              <b>Generated Narrative: ValueSet </b>
            </p>
            <p style="border: black 1px dotted; background-color: #EEEEEE; padding: 8px; margin-bottom: 8px">Expansion based on 
              <a href="CodeSystem-as-cs-organization-types.html">codesystem AS CodeSystem OrganizationTypes v1.1.0-snapshot-3 (CodeSystem)</a>
            </p>
            <p>This value set contains 6 concepts</p>
            <table class="codes">
              <tr>
                <td style="white-space:nowrap">
                  <b>Code</b>
                </td>
                <td>
                  <b>System</b>
                </td>
                <td>
                  <b>Display</b>
                </td>
                <td>
                  <b>Definition</b>
                </td>
              </tr>
              <tr>
                <td style="white-space:nowrap">
                  <a name="x-https://interop.esante.gouv.fr/ig/fhir/annuaire/CodeSystem/as-cs-organization-types-organizationType"> </a>  
                  <a href="CodeSystem-as-cs-organization-types.html#as-cs-organization-types-organizationType">organizationType</a>
                </td>
                <td>https://interop.esante.gouv.fr/ig/fhir/annuaire/CodeSystem/as-cs-organization-types</td>
                <td>Type d'organisation</td>
                <td>
                  <div>
                    <p>Type d'organisation</p>

                  </div>
                </td>
              </tr>
              <tr>
                <td style="white-space:nowrap">
                  <a name="x-https://interop.esante.gouv.fr/ig/fhir/annuaire/CodeSystem/as-cs-organization-types-activiteINSEE"> </a>  
                  <a href="CodeSystem-as-cs-organization-types.html#as-cs-organization-types-activiteINSEE">activiteINSEE</a>
                </td>
                <td>https://interop.esante.gouv.fr/ig/fhir/annuaire/CodeSystem/as-cs-organization-types</td>
                <td>Activité INSEE</td>
                <td>
                  <div>
                    <p>Activité INSEE</p>

                  </div>
                </td>
              </tr>
              <tr>
                <td style="white-space:nowrap">
                  <a name="x-https://interop.esante.gouv.fr/ig/fhir/annuaire/CodeSystem/as-cs-organization-types-statutJuridiqueINSEE"> </a>  
                  <a href="CodeSystem-as-cs-organization-types.html#as-cs-organization-types-statutJuridiqueINSEE">statutJuridiqueINSEE</a>
                </td>
                <td>https://interop.esante.gouv.fr/ig/fhir/annuaire/CodeSystem/as-cs-organization-types</td>
                <td>Statut Juridique INSEE</td>
                <td>
                  <div>
                    <p>Statut Juridique INSEE</p>

                  </div>
                </td>
              </tr>
              <tr>
                <td style="white-space:nowrap">
                  <a name="x-https://interop.esante.gouv.fr/ig/fhir/annuaire/CodeSystem/as-cs-organization-types-sphParticipation"> </a>  
                  <a href="CodeSystem-as-cs-organization-types.html#as-cs-organization-types-sphParticipation">sphParticipation</a>
                </td>
                <td>https://interop.esante.gouv.fr/ig/fhir/annuaire/CodeSystem/as-cs-organization-types</td>
                <td>sph Participation</td>
                <td>
                  <div>
                    <p>Participation au service public hospitalier</p>

                  </div>
                </td>
              </tr>
              <tr>
                <td style="white-space:nowrap">
                  <a name="x-https://interop.esante.gouv.fr/ig/fhir/annuaire/CodeSystem/as-cs-organization-types-typeEtablissement"> </a>  
                  <a href="CodeSystem-as-cs-organization-types.html#as-cs-organization-types-typeEtablissement">typeEtablissement</a>
                </td>
                <td>https://interop.esante.gouv.fr/ig/fhir/annuaire/CodeSystem/as-cs-organization-types</td>
                <td>Type d'établissement</td>
                <td>
                  <div>
                    <p>Type d'établissement</p>

                  </div>
                </td>
              </tr>
              <tr>
                <td style="white-space:nowrap">
                  <a name="x-https://interop.esante.gouv.fr/ig/fhir/annuaire/CodeSystem/as-cs-organization-types-secteurActiviteRASS"> </a>  
                  <a href="CodeSystem-as-cs-organization-types.html#as-cs-organization-types-secteurActiviteRASS">secteurActiviteRASS</a>
                </td>
                <td>https://interop.esante.gouv.fr/ig/fhir/annuaire/CodeSystem/as-cs-organization-types</td>
                <td>Secteur d'activité RASS</td>
                <td>
                  <div>
                    <p>Secteur d'activité RASS</p>

                  </div>
                </td>
              </tr>
            </table>
          </div>
        </text>
        <url value="https://interop.esante.gouv.fr/ig/fhir/annuaire/ValueSet/as-vs-organization-types"/>
        <version value="1.1.0-snapshot-3"/>
        <name value="AsVsOrganizationTypes"/>
        <title value="AS ValueSet OrganizationTypes"/>
        <status value="active"/>
        <date value="2024-09-12T11:56:22+00:00"/>
        <jurisdiction>
          <coding>
            <system value="urn:iso:std:iso:3166"/>
            <code value="FR"/>
            <display value="FRANCE"/>
          </coding>
        </jurisdiction>
        <expansion>
          <identifier value="urn:uuid:79ea9469-fddd-411e-9fdc-fda07317f026"/>
          <timestamp value="2024-09-12T11:57:33+00:00"/>
          <total value="6"/>
          <offset value="0"/>
          <parameter>
            <name value="count"/>
            <valueInteger value="1000"/>
          </parameter>
          <parameter>
            <name value="offset"/>
            <valueInteger value="0"/>
          </parameter>
          <parameter>
            <name value="excludeNested"/>
            <valueBoolean value="false"/>
          </parameter>
          <parameter>
            <name value="used-codesystem"/>
            <valueUri value="https://interop.esante.gouv.fr/ig/fhir/annuaire/CodeSystem/as-cs-organization-types|1.1.0-snapshot-3"/>
          </parameter>
          <contains>
            <system value="https://interop.esante.gouv.fr/ig/fhir/annuaire/CodeSystem/as-cs-organization-types"/>
            <code value="organizationType"/>
            <display value="Type d'organisation"/>
          </contains>
          <contains>
            <system value="https://interop.esante.gouv.fr/ig/fhir/annuaire/CodeSystem/as-cs-organization-types"/>
            <code value="activiteINSEE"/>
            <display value="Activité INSEE"/>
          </contains>
          <contains>
            <system value="https://interop.esante.gouv.fr/ig/fhir/annuaire/CodeSystem/as-cs-organization-types"/>
            <code value="statutJuridiqueINSEE"/>
            <display value="Statut Juridique INSEE"/>
          </contains>
          <contains>
            <system value="https://interop.esante.gouv.fr/ig/fhir/annuaire/CodeSystem/as-cs-organization-types"/>
            <code value="sphParticipation"/>
            <display value="sph Participation"/>
          </contains>
          <contains>
            <system value="https://interop.esante.gouv.fr/ig/fhir/annuaire/CodeSystem/as-cs-organization-types"/>
            <code value="typeEtablissement"/>
            <display value="Type d'établissement"/>
          </contains>
          <contains>
            <system value="https://interop.esante.gouv.fr/ig/fhir/annuaire/CodeSystem/as-cs-organization-types"/>
            <code value="secteurActiviteRASS"/>
            <display value="Secteur d'activité RASS"/>
          </contains>
        </expansion>
      </ValueSet>
    </resource>
  </entry>
  <entry>
    <fullUrl value="https://interop.esante.gouv.fr/ig/fhir/annuaire/ValueSet/as-vs-type-systeme-information"/>
    <resource>
      <ValueSet>
        <meta>
          <profile value="http://hl7.org/fhir/StructureDefinition/shareablevalueset"/>
        </meta>
        <text>
          <status value="generated"/>
          <div xmlns="http://www.w3.org/1999/xhtml">
            <p class="res-header-id">
              <b>Generated Narrative: ValueSet </b>
            </p>
            <p style="border: black 1px dotted; background-color: #EEEEEE; padding: 8px; margin-bottom: 8px">Expansion based on 
              <a href="CodeSystem-as-cs-type-systeme-information.html">codesystem AS CodeSystem type de système d'information v1.1.0-snapshot-3 (CodeSystem)</a>
            </p>
            <p>This value set contains 4 concepts</p>
            <table class="codes">
              <tr>
                <td style="white-space:nowrap">
                  <b>Code</b>
                </td>
                <td>
                  <b>System</b>
                </td>
                <td>
                  <b>Display</b>
                </td>
                <td>
                  <b>Definition</b>
                </td>
              </tr>
              <tr>
                <td style="white-space:nowrap">
                  <a name="x-https://interop.esante.gouv.fr/ig/fhir/annuaire/CodeSystem/as-cs-type-systeme-information-RPPS"> </a>  
                  <a href="CodeSystem-as-cs-type-systeme-information.html#as-cs-type-systeme-information-RPPS">RPPS</a>
                </td>
                <td>https://interop.esante.gouv.fr/ig/fhir/annuaire/CodeSystem/as-cs-type-systeme-information</td>
                <td>Répertoire partagé des professionnels de santé</td>
                <td>
                  <div>
                    <p>Répertoire partagé des professionnels de santé</p>

                  </div>
                </td>
              </tr>
              <tr>
                <td style="white-space:nowrap">
                  <a name="x-https://interop.esante.gouv.fr/ig/fhir/annuaire/CodeSystem/as-cs-type-systeme-information-ADELI"> </a>  
                  <a href="CodeSystem-as-cs-type-systeme-information.html#as-cs-type-systeme-information-ADELI">ADELI</a>
                </td>
                <td>https://interop.esante.gouv.fr/ig/fhir/annuaire/CodeSystem/as-cs-type-systeme-information</td>
                <td>Numéro ADELI</td>
                <td>
                  <div>
                    <p>Adeli est un répertoire national qui recense les professionnels de santé réglementés, qu'ils exercent en libéral ou salarial.</p>

                  </div>
                </td>
              </tr>
              <tr>
                <td style="white-space:nowrap">
                  <a name="x-https://interop.esante.gouv.fr/ig/fhir/annuaire/CodeSystem/as-cs-type-systeme-information-FINESS"> </a>  
                  <a href="CodeSystem-as-cs-type-systeme-information.html#as-cs-type-systeme-information-FINESS">FINESS</a>
                </td>
                <td>https://interop.esante.gouv.fr/ig/fhir/annuaire/CodeSystem/as-cs-type-systeme-information</td>
                <td>Fichier national des établissements sanitaires et sociaux</td>
                <td>
                  <div>
                    <p>FINESS (Fichier National des Etablissements Sanitaires et Sociaux) est le répertoire national de référence des personnes morales intervenant dans les domaines sanitaire, médico-social et social et de l’enseignement des professions sanitaires et sociales.</p>

                  </div>
                </td>
              </tr>
              <tr>
                <td style="white-space:nowrap">
                  <a name="x-https://interop.esante.gouv.fr/ig/fhir/annuaire/CodeSystem/as-cs-type-systeme-information-CG"> </a>  
                  <a href="CodeSystem-as-cs-type-systeme-information.html#as-cs-type-systeme-information-CG">CG</a>
                </td>
                <td>https://interop.esante.gouv.fr/ig/fhir/annuaire/CodeSystem/as-cs-type-systeme-information</td>
                <td>CG</td>
                <td>
                  <div>
                    <p>SI CPS</p>

                  </div>
                </td>
              </tr>
            </table>
          </div>
        </text>
        <url value="https://interop.esante.gouv.fr/ig/fhir/annuaire/ValueSet/as-vs-type-systeme-information"/>
        <version value="1.1.0-snapshot-3"/>
        <name value="AsVsTypeSystemeInformationVS"/>
        <title value="AS ValueSet type de système d'information"/>
        <status value="active"/>
        <experimental value="false"/>
        <date value="2024-09-12T11:56:22+00:00"/>
        <jurisdiction>
          <coding>
            <system value="urn:iso:std:iso:3166"/>
            <code value="FR"/>
            <display value="FRANCE"/>
          </coding>
        </jurisdiction>
        <expansion>
          <identifier value="urn:uuid:5b4259eb-2a23-4198-9352-2e4c23adc01f"/>
          <timestamp value="2024-09-12T11:57:33+00:00"/>
          <total value="4"/>
          <offset value="0"/>
          <parameter>
            <name value="count"/>
            <valueInteger value="1000"/>
          </parameter>
          <parameter>
            <name value="offset"/>
            <valueInteger value="0"/>
          </parameter>
          <parameter>
            <name value="excludeNested"/>
            <valueBoolean value="false"/>
          </parameter>
          <parameter>
            <name value="used-codesystem"/>
            <valueUri value="https://interop.esante.gouv.fr/ig/fhir/annuaire/CodeSystem/as-cs-type-systeme-information|1.1.0-snapshot-3"/>
          </parameter>
          <contains>
            <system value="https://interop.esante.gouv.fr/ig/fhir/annuaire/CodeSystem/as-cs-type-systeme-information"/>
            <code value="RPPS"/>
            <display value="Répertoire partagé des professionnels de santé"/>
          </contains>
          <contains>
            <system value="https://interop.esante.gouv.fr/ig/fhir/annuaire/CodeSystem/as-cs-type-systeme-information"/>
            <code value="ADELI"/>
            <display value="Numéro ADELI"/>
          </contains>
          <contains>
            <system value="https://interop.esante.gouv.fr/ig/fhir/annuaire/CodeSystem/as-cs-type-systeme-information"/>
            <code value="FINESS"/>
            <display value="Fichier national des établissements sanitaires et sociaux"/>
          </contains>
          <contains>
            <system value="https://interop.esante.gouv.fr/ig/fhir/annuaire/CodeSystem/as-cs-type-systeme-information"/>
            <code value="CG"/>
            <display value="CG"/>
          </contains>
        </expansion>
      </ValueSet>
    </resource>
  </entry>
</Bundle>