{
  "resourceType" : "CodeSystem",
  "id" : "as-cs-organization-types",
  "text" : {
    "status" : "generated",
    "div" : "<div xmlns=\"http://www.w3.org/1999/xhtml\"><p class=\"res-header-id\"><b>Generated Narrative: CodeSystem as-cs-organization-types</b></p><a name=\"as-cs-organization-types\"> </a><a name=\"hcas-cs-organization-types\"> </a><a name=\"as-cs-organization-types-fr-FR\"> </a><p>This  code system <code>https://interop.esante.gouv.fr/ig/fhir/annuaire/CodeSystem/as-cs-organization-types</code> defines the following codes:</p><table class=\"codes\"><tr><td style=\"white-space:nowrap\"><b>Code</b></td><td><b>Display</b></td><td><b>Definition</b></td></tr><tr><td style=\"white-space:nowrap\">organizationType<a name=\"as-cs-organization-types-organizationType\"> </a></td><td>Type d'organisation</td><td>Type d'organisation</td></tr><tr><td style=\"white-space:nowrap\">activiteINSEE<a name=\"as-cs-organization-types-activiteINSEE\"> </a></td><td>Activité INSEE</td><td>Activité INSEE</td></tr><tr><td style=\"white-space:nowrap\">statutJuridiqueINSEE<a name=\"as-cs-organization-types-statutJuridiqueINSEE\"> </a></td><td>Statut Juridique INSEE</td><td>Statut Juridique INSEE</td></tr><tr><td style=\"white-space:nowrap\">sphParticipation<a name=\"as-cs-organization-types-sphParticipation\"> </a></td><td>sph Participation</td><td>Participation au service public hospitalier</td></tr><tr><td style=\"white-space:nowrap\">typeEtablissement<a name=\"as-cs-organization-types-typeEtablissement\"> </a></td><td>Type d'établissement</td><td>Type d'établissement</td></tr><tr><td style=\"white-space:nowrap\">secteurActiviteRASS<a name=\"as-cs-organization-types-secteurActiviteRASS\"> </a></td><td>Secteur d'activité RASS</td><td>Secteur d'activité RASS</td></tr></table></div>"
  },
  "url" : "https://interop.esante.gouv.fr/ig/fhir/annuaire/CodeSystem/as-cs-organization-types",
  "version" : "1.1.0-snapshot-3",
  "name" : "AsCsOrganizationTypes",
  "title" : "AS CodeSystem OrganizationTypes",
  "status" : "active",
  "date" : "2024-09-12T12:30:18+00:00",
  "publisher" : "Agence du Numérique en Santé (ANS) - 2-10 Rue d'Oradour-sur-Glane, 75015 Paris",
  "contact" : [{
    "name" : "Agence du Numérique en Santé (ANS) - 2-10 Rue d'Oradour-sur-Glane, 75015 Paris",
    "telecom" : [{
      "system" : "url",
      "value" : "https://esante.gouv.fr"
    },
    {
      "system" : "email",
      "value" : "monserviceclient.annuaire@esante.gouv.fr"
    }]
  }],
  "description" : "CodeSystem définissant les types d'organisation",
  "jurisdiction" : [{
    "coding" : [{
      "system" : "urn:iso:std:iso:3166",
      "code" : "FR",
      "display" : "FRANCE"
    }]
  }],
  "content" : "complete",
  "count" : 6,
  "concept" : [{
    "code" : "organizationType",
    "display" : "Type d'organisation",
    "definition" : "Type d'organisation"
  },
  {
    "code" : "activiteINSEE",
    "display" : "Activité INSEE",
    "definition" : "Activité INSEE"
  },
  {
    "code" : "statutJuridiqueINSEE",
    "display" : "Statut Juridique INSEE",
    "definition" : "Statut Juridique INSEE"
  },
  {
    "code" : "sphParticipation",
    "display" : "sph Participation",
    "definition" : "Participation au service public hospitalier"
  },
  {
    "code" : "typeEtablissement",
    "display" : "Type d'établissement",
    "definition" : "Type d'établissement"
  },
  {
    "code" : "secteurActiviteRASS",
    "display" : "Secteur d'activité RASS",
    "definition" : "Secteur d'activité RASS"
  }]
}